id,final_decision,reason,basis,notes
PMID:40721762,INCLUDE,,full_text,PMS-survey rule: INCLUDE (reports % with acne worsening premenstrually). PSST stem asks about symptoms that start before the period and stop after bleeding; 40.4% of 285 students report premenstrual 'acne flare-ups'. Borderline and weak: exact acne item wording not given; general student population; some used menstrual-delaying (hormonal) medicine. Full text PMC12302784.
PMID:40620141,EXCLUDE,NO_PHASE_COMPARISON,full_text,"PMS-survey rule: EXCLUDE (acne only a symptom count). PMDD survey (Brazil); acne/skin oiliness prevalence, severity and associations with other symptoms, by age group; nothing compared across cycle phases. Full text PMC12411650. Possibly overlaps the same Brazilian survey programme as PMID:39319606 (both excluded)."
PMID:39319606,EXCLUDE,NO_PHASE_COMPARISON,full_text,"PMS-survey rule: EXCLUDE (acne only a symptom count). Adapted PSST, acne/oily skin prevalence and severity by age group in the 15 days before menses; no contrast with another phase. Full text PMC11823361."
PMID:33209157,EXCLUDE,NO_PHASE_COMPARISON,full_text,PMS-survey rule: EXCLUDE (acne only a symptom count). Students picked 'acne/pimples' from a list of PMS symptoms felt before their last period (39.2%); no worsening framing and no other-phase comparison. Full text PMC7648490.
PMID:28950854,EXCLUDE,NO_PHASE_COMPARISON,full_text,"PMS-survey rule: EXCLUDE (acne only a symptom count). 'Acne/skin blemish' premenstrual symptom severity (62% any); comparisons are by ethnicity and HC use, not by cycle phase. Full text PMC5615478."
PMID:20874438,INCLUDE,,abstract,"PMS-survey rule: INCLUDE (phase comparison). Symptoms, acne among them, rated premenstrual vs preovulatory phase within one cycle in 103 asthmatic women; practically all symptoms increased premenstrually (effect sizes). Need full text to confirm the acne-specific effect size and whether HC users were excluded; indirect population (asthma). Full text not obtained (publisher blocked automated access)."
PMID:9300120,EXCLUDE,NO_PHASE_COMPARISON,abstract,PMS-survey rule: EXCLUDE (acne only a symptom count). Menarche survey; acne listed as a common complaint 'during the menstrual period'; no phase contrast. Full text not obtained.
PMID:9076430,EXCLUDE,NO_PHASE_COMPARISON,abstract,Women chosen for cyclic/premenstrual dermatoses; compares hormones with controls and reports tamoxifen treatment; skin not compared across phases (drug-treatment rule).
PMID:8042462,EXCLUDE,NO_PHASE_COMPARISON,abstract,"Sanitary pad trial: vulvar TEWL/irritation compared between pad types and a no-pad control period while pads were used for two whole cycles; the contrast is product use, not cycle phase. Genital site. Full text not obtained."
PMID:1636360,EXCLUDE,NOT_PRIMARY,abstract,"Duplicate report: Agner doctoral thesis summary that re-reports the day 1 vs days 9-11 SLS reactivity result already included as PMID:2033132 (Agner, Damm, Skouby 1991)."
PMID:1831118,EXCLUDE,NO_PHASE_COMPARISON,abstract,Narrative clinical description (Kligman) of post-adolescent acne; says premenstrual flares are 'typical' but gives no data.
PMID:4257912,EXCLUDE,NO_PHASE_COMPARISON,abstract,"No PubMed abstract; publisher abstract found via OpenAlex. Double-blind trial of hydrochlorothiazide vs placebo started 7 days before menses in 21 patients; no effect. Drug-treatment rule: no phase comparison of skin, no phase-timed skincare."
PMID:13725673,EXCLUDE,UNOBTAINABLE,unobtainable,"No abstract in PubMed, Europe PMC, OpenAlex or Semantic Scholar; no DOI or online full text (Pa Med J 1960). PubMed keywords (chlorothiazide therapy) suggest it would fall under the drug-treatment rule (NO_PHASE_COMPARISON) anyway."
PMID:13582195,EXCLUDE,NO_PHASE_COMPARISON,abstract,"No formal abstract; basis is the publisher's opening paragraph (via OpenAlex): chlorothiazide given to 20 patients with severe premenstrual flares (1-page report). Drug-treatment rule: no phase comparison, no phase-timed skincare."
PMID:19352226,EXCLUDE,NO_PHASE_COMPARISON,full_text,PMS-survey rule: EXCLUDE (acne only a symptom count). 10-item Menstrual Distress Questionnaire; acne among the three most common menstrual-distress symptoms (mean scores only); no phase contrast. Full text read on publisher (Ovid) page.
PMID:17033192,EXCLUDE,UNOBTAINABLE,unobtainable,"No abstract (PubMed, Europe PMC, OpenAlex); Karger full text behind a paywall. Semantic Scholar's machine summary suggests psoriasin in acne lesions vs normal skin. The 'Follicular Phase' MeSH term may only mean sampling was standardised, so a phase comparison is unlikely."
PMID:1746207,EXCLUDE,UNOBTAINABLE,unobtainable,No abstract anywhere; Acta Eur Fertil 1991;22:43-5 not online. Title suggests sebum fatty acids compared across cycle - HIGH PRIORITY to request via library; would likely be INCLUDE if obtained.
PMID:124763,EXCLUDE,UNOBTAINABLE,unobtainable,No abstract; J Formos Med Assoc 1975 not online. MeSH 'Menstruation' suggests menstruation examined as an acne factor; cannot verify a phase comparison. Worth requesting.
PMID:4127313,EXCLUDE,UNOBTAINABLE,unobtainable,No abstract; Lancet 1973;2:1055-7 (Williams & Cunliffe) blocked (403). Semantic Scholar's machine summary says pilosebaceous duct orifice size was measured by surface microscopy through the cycle - HIGH PRIORITY to obtain; likely INCLUDE if confirmed.
PMID:4120962,INCLUDE,,full_text,"Full text (Acta Derm Venereol free archive). Forehead sebum excretion rate weekly x8 in 10 women with mild acne, regular cycles, no OC; fell in 1st half, rose in luteal phase, fell premenstrually."
PMID:5077864,EXCLUDE,NO_PHASE_COMPARISON,abstract,No PubMed abstract; publisher summary via OpenAlex: sebum excretion rate and surface lipids by age and sex in 193 controls; no cycle-phase comparison reported. MeSH 'Menstruation' suggests a small cycle sub-analysis might be in the full text (OUP blocked) - low priority check.
PMID:14286079,EXCLUDE,UNOBTAINABLE,unobtainable,No abstract; Wiley full text blocked (403). Semantic Scholar's machine summary says a survey of 53 women aged 24 or over with facial acne; premenstrual flare data cannot be verified.
PMID:14317718,EXCLUDE,UNOBTAINABLE,unobtainable,No abstract; Nagoya Med J 1964;10:85-97 not online (CiNii has metadata only). Title says sebum excretion across menstrual cycle - HIGH PRIORITY to request; likely INCLUDE if obtained.
PMID:13137606,EXCLUDE,UNOBTAINABLE,unobtainable,No abstract; JAMA Network blocked (403). Opening paragraph (OpenAlex) is only a general introduction to acne and hormones; design and any phase data unknown.
PMID:26273846,EXCLUDE,UNOBTAINABLE,unobtainable,No abstract; 2-page congress supplement (Comput Methods Biomech Biomed Engin 18 Suppl 1:1912-3); T&F blocked and HAL copy behind a bot check (not bypassed). Breast (non-facial) elasticity; not excluded on site alone because forearm extensibility (PMID:2572112) was included.
DOI:10.4274/turkderm.galenos.2020.35683,INCLUDE,,full_text,"Open-access full text in English (TURKDERM 2020;54:90-5). 51 women with regular cycles; facial moisture and pH (5 sites) and glabella sebum at early follicular, late follicular and mid-luteal phases over 2 cycles; no significant differences. HC use not stated. Not in PubMed; no duplicate found."
