id,first_author,year,country,design,n_total,population,hormonal_contraception_excluded,cycle_phase_method,phases_compared,outcome_category,body_site,measure,main_result,direction,risk_of_bias,basis,notes
PMID:42192555,Liu,2026,China,within-subject repeated measures,95 (131 recruited),female college students 17–29 with regular or irregular cycles; all mild acne (grade I–II),unclear,self-report dates,menstrual vs intermenstrual (x regular vs irregular cycles),microbiome,face,"16S rRNA sequencing, right-cheek swab; alpha (Shannon, PD) and beta diversity (unweighted UniFrac)","Beta diversity: only Irregular-Menstrual vs Regular-Menstrual differed (R² = 0.0179, p < 0.001); no significant difference between the two regular subgroups (menstrual vs interval) or the two irregular subgroups; alpha diversity Irregular-Menstrual higher than Regular-Interval (p < 0.01)",no_difference,some concerns: no hormone confirmation; contraception not addressed; phases limited to menstrual vs interval,full_text,Phase effect only within irregular-cycle group; regular cyclers showed no phase difference. Small effect sizes (R² ≈ 0.02).
PMID:40878147,Lau,2025,China,within-subject repeated measures,"38 (19 low-sebum, 19 high-sebum)","healthy Chinese women 24–29, regular 26–30 day cycles, no acne",unclear,hormone-confirmed,"ovulation vs early luteal (all); follicular, ovulation, early luteal, late luteal (high-sebum group)",sebum,face,"Sebutape sebum lipid composition (GC-MS, LC-MS), forehead and cheeks","Main effects due to skin type; menstrual-phase effect on high-sebum forehead lipids significant by ASCA (p = 0.003); sebum-type lipids (branched FFAs, C15–18 SFAs, MUFAs) peaked at ovulation and declined at early luteal; TGs and long-chain SFAs higher at early luteal",mixed,some concerns: phase by urinary LH tests but n=19 per group; contraception exclusion not explicit; industry funded (P&G),full_text,"Composition, not sebum output. Includes SZ95 sebocyte in-vitro arm (not extracted)."
PMID:40721762,Rijal,2025,Nepal,cross-sectional survey,285,"female graduate students, regular 21–35 day cycles",no,self-report dates,"premenstrual phase symptoms (PSST, recall)",acne,not stated,self-reported premenstrual acne flare-ups (PSST physical symptoms),40.4% (reported in abstract as 40.35%) of 285 reported premenstrual acne flare-ups,worse_premenstrual_or_luteal,high: self-report recall; no comparison phase; contraceptive users (4.6%) not excluded,full_text,PMS study; acne only as a listed symptom.
PMID:40583043,Nikoletić,2025,Serbia,within-subject repeated measures,"81 (36 reproductive, 45 postmenopausal)","healthy women 18–65; reproductive group mean age 27.06, regular 25–31 day cycles",yes,hormone-confirmed,ovulatory (within 24 h of urinary LH+) vs mid-luteal (7 days after ovulation),barrier_TEWL,not stated,"TEWL (Tewameter TM 300), g/h/m²",TEWL higher mid-luteal 9.92 ± 1.37 vs ovulatory 8.87 ± 1.59 (t = −5.461; p < 0.001),worse_premenstrual_or_luteal,some concerns: measurement site not stated; only two timepoints; published correction to conclusion wording and Table 2,full_text,"Correction (Skin Res Technol 2025;31:e70274) fixes abstract conclusion: ovulatory phase has lower TEWL, higher hydration."
PMID:40583043,Nikoletić,2025,Serbia,within-subject repeated measures,"81 (36 reproductive, 45 postmenopausal)","healthy women 18–65; reproductive group mean age 27.06, regular 25–31 day cycles",yes,hormone-confirmed,ovulatory vs mid-luteal,hydration,not stated,"stratum corneum hydration (Corneometer CM 825), au",Hydration higher ovulatory 40.55 ± 7.80 vs mid-luteal 36.27 ± 7.42 (t = 3.011; p = 0.005),worse_premenstrual_or_luteal,some concerns: measurement site not stated; only two timepoints; published table error corrected,full_text,Table 2 originally listed ovulatory SH as 36.27; correction gives 40.55. Self-rated dryness no phase difference.
PMID:40583043,Nikoletić,2025,Serbia,within-subject repeated measures,"81 (36 reproductive, 45 postmenopausal)","healthy women 18–65; reproductive group mean age 27.06, regular 25–31 day cycles",yes,hormone-confirmed,ovulatory vs mid-luteal,reactivity,not stated,"self-rated skin sensitivity (Sensitive Scale-10, last 3 days)",No significant difference: SS-10 10.75 ± 12.47 ovulatory vs 10.00 ± 8.31 mid-luteal (p = 0.601),no_difference,some concerns: subjective scale; two timepoints,full_text,"Self-reported sensitivity, not an irritant challenge."
PMID:26134671,Burriss,2015,United Kingdom,within-subject repeated measures,22 (30 recruited),"healthy women, mean age 23.36, no hormonal contraception ≥3 months",yes,hormone-confirmed,"daily photographs across ≥1 cycle, aligned to urinary LH surge",colour,face,cheek-patch redness (L:M cone ratio) and luminance from calibrated photographs,"Redness varied significantly across cycle (χ²(4) = 18.02, p = 0.0012): fell after menstrual onset, rose before ovulation, stayed high through luteal phase; luminance not significant; all JNDs < 1 (not perceptible)",mixed,"low: LH-confirmed, pill users excluded, blind to hypothesis; small n (22)",full_text,Changes statistically significant but below human visual detection threshold.
PMID:25161758,Geller,2014,USA,cross-sectional survey,105,"women ≥18 with acne complaint in past 30 days, dermatology practice",no,self-report dates,worse before / during / after menses / throughout (recall),acne,not stated,anonymous survey: timing of perimenstrual acne worsening,"65% reported acne worse with menses; of these 56% worse in week before menses, 17% during, 3% after, 24% throughout cycle",worse_premenstrual_or_luteal,high: recall; single clinic; 35% of perimenstrual-acne group on oral contraceptives,full_text,Full text via PMC web page.
DOI:10.4274/turkderm.galenos.2020.35683,Küçükaydoğan,2020,Turkey,within-subject repeated measures,51 (55 started),"healthy women 21–45 with regular periods, medical faculty staff",no,self-report dates,"early follicular (day 3±2), late follicular (day 12±2), mid-luteal (day 20±3); two cycles",sebum,face,sebum at glabella (MPA-5),No significant difference: cycle 1 median 197 / 176 / 194 (p = 0.755); cycle 2 182 / 206 / 208 (p = 0.394),no_difference,some concerns: no hormone confirmation; 2 oral contraceptive users (3.9%) included,full_text,Turkish/English article; English text read.
DOI:10.4274/turkderm.galenos.2020.35683,Küçükaydoğan,2020,Turkey,within-subject repeated measures,51 (55 started),"healthy women 21–45 with regular periods, medical faculty staff",no,self-report dates,"early follicular, late follicular, mid-luteal; two cycles",hydration,face,"skin moisture, mean of 5 facial points (MPA-5)",No significant difference: cycle 1 median 47.86 / 44.40 / 51.00 (p = 0.066); cycle 2 48.10 / 46.70 / 47.60 (p = 0.911),no_difference,some concerns: no hormone confirmation; 2 oral contraceptive users included,full_text,
DOI:10.4274/turkderm.galenos.2020.35683,Küçükaydoğan,2020,Turkey,within-subject repeated measures,51 (55 started),"healthy women 21–45 with regular periods, medical faculty staff",no,self-report dates,"early follicular, late follicular, mid-luteal; two cycles",other,face,"skin surface pH, mean of 5 facial points (MPA-5)",No significant difference: cycle 1 median 5.36 / 5.48 / 5.49 (p = 0.352); cycle 2 5.51 / 5.53 / 5.54 (p = 0.755),no_difference,some concerns: no hormone confirmation; 2 oral contraceptive users included,full_text,Outcome: skin pH.
PMID:4120962,Burton,1973,United Kingdom (England),within-subject repeated measures,10,"women 15–23 with mild acne, regular periods",yes,self-report dates,"weekly measures over 2 cycles, standardised to 28 days, pooled in 4-day periods",sebum,face,"forehead sebum excretion rate (gravimetric, Strauss & Pochi method)","SER fell from 108.6% (days 1–4) to 89.9% (days 13–16) (P < 0.02), rose to 111.8% at days 17–20 (P < 0.01), then fell premenstrually to 92.0% (P < 0.01)",mixed,high: n=10; ovulation assumed 14 days before menses; variation small relative to method error,full_text,Only 2 premenstrual measures coincided with acne worse than usual; no SER change in those.
PMID:22565434,Khunger,2012,India,cross-sectional survey,280 (230 women),"adults >25 with acne, tertiary hospital, New Delhi",unclear,self-report dates,premenstrual flare (history),acne,mixed,history of premenstrual flare,Premenstrual flare in 27 (11.7%) of 230 female patients,worse_premenstrual_or_luteal,high: history/recall; clinic sample; no contraception data,full_text,Clinico-epidemiological series; cheek most common site.
PMID:19439880,Adityan,2009,India,cross-sectional survey,309 (137 women),"acne patients attending dermatology OPD, Pondicherry",unclear,self-report dates,premenstrual flare (history),acne,mixed,history of premenstrual flare,79 (57.7%) of 137 female patients gave history of premenstrual flare,worse_premenstrual_or_luteal,high: history/recall; hospital sample; no contraception data,full_text,"Face in all; back, chest also involved."
PMID:23991603,Suthipinittharm,2013,Thailand,cross-sectional survey,597 (392 female),"high-school students, Bangkok",unclear,self-report dates,premenstrual period as aggravating factor (belief),acne,not stated,self-reported beliefs about acne aggravating factors,More than half believed premenstrual period aggravated acne; exact % not reported in text (figure only),worse_premenstrual_or_luteal,high: belief questionnaire; denominator unclear (includes males),full_text,"Measures perception/belief, not observed flare."
PMID:17333831,El-Akawi,2006,Jordan,cross-sectional survey,166 (83 female),untreated acne patients 13–42 attending dermatology clinics,unclear,self-report dates,menstrual cycle effect (recall),acne,not stated,patient-perceived effect of menstrual cycle on acne,Premenstrual exacerbation reported by 97.6% of 83 female patients; 2.4% no effect,worse_premenstrual_or_luteal,high: recall/beliefs; clinic sample,full_text,Full text via WHO IRIS.
PMID:36606389,Meena,2023,India,cross-sectional survey,60,"adult women >25 with acne, tertiary hospital, North India",unclear,self-report dates,premenstrual flare (history),acne,not stated,history of premenstrual flare,50% had history of premenstrual flare-up,worse_premenstrual_or_luteal,high: history/recall; clinic sample; n=60,abstract,Main aim hormonal/biochemical profile.
PMID:35810346,Hrapovic,2022,not reported (authors: Sweden),within-subject repeated measures,not reported,"women with hormonal acne-prone skin, Chinese and Caucasian origin",unclear,not stated,menstrual cycle phases (not specified in abstract),barrier_TEWL,face,TEWL,Changes in TEWL reported between/within hormonal phases; numbers and direction not reported,not_applicable,high: pilot; n and methods not in abstract; industry authors,abstract,Oriflame pilot study.
PMID:35810346,Hrapovic,2022,not reported (authors: Sweden),within-subject repeated measures,not reported,"women with hormonal acne-prone skin, Chinese and Caucasian origin",unclear,not stated,menstrual cycle phases (not specified),sebum,face,sebum level,Changes in sebum reported; numbers and direction not reported,not_applicable,high: pilot; n and methods not in abstract,abstract,
PMID:35810346,Hrapovic,2022,not reported (authors: Sweden),within-subject repeated measures,not reported,"women with hormonal acne-prone skin, Chinese and Caucasian origin",unclear,not stated,menstrual cycle phases (not specified),hydration,face,hydration level,Changes in hydration reported; numbers and direction not reported,not_applicable,high: pilot; n and methods not in abstract,abstract,
PMID:35810346,Hrapovic,2022,not reported (authors: Sweden),within-subject repeated measures,not reported,"women with hormonal acne-prone skin, Chinese and Caucasian origin",unclear,not stated,menstrual cycle phases (not specified),microbiome,face,facial microbiota sequencing,"Cutibacterium, Staphylococcus, Streptococcus most abundant, without significant abundance differences within the menstrual cycle",no_difference,high: pilot; n not in abstract,abstract,Also reported pore volume changes (not extracted separately).
PMID:34505184,Anaba,2021,Nigeria,cross-sectional survey,56,"adult women ≥25 with acne, Lagos",unclear,self-report dates,premenstrual flare (history),acne,mixed,questionnaire: premenstrual flare,not reported (premenstrual flare listed as a study variable; no figure in abstract),not_applicable,high: clinic sample; result not reported in abstract,abstract,Facial only in 80.4%.
PMID:34423850,Chanyachailert,2021,not reported (authors: Thailand),cross-sectional survey,208,adult women ≥25 with acne,unclear,self-report dates,pre-menstruation as aggravating factor (history),acne,face,history of aggravating factors,Pre-menstruation aggravated acne in 72.6%; premenstrual flare associated with PCOS,worse_premenstrual_or_luteal,high: history/recall; clinic sample; 48.1% had PCOS,abstract,
PMID:33655630,Shah,2021,India (implied),cross-sectional survey,180 acne patients (81.7% female),"adults >25 with acne among 24,056 adult clinic patients",unclear,self-report dates,premenstrual flare (history),acne,not stated,history of premenstrual flare,Premenstrual flare in 61.9% of female patients,worse_premenstrual_or_luteal,high: history/recall; clinic sample,abstract,Authors call it prospective observational.
PMID:32803767,Foo,2020,not reported (authors: UK),case series,16,women 21–45 with recurrent vulval folliculitis ('vulval acne'),unclear,self-report dates,cyclical pattern (history),acne,non-face,history of cyclical lesions,"Nine patients reported a cyclical pattern, premenstrual exacerbation most common",worse_premenstrual_or_luteal,high: n=16; retrospective; recall,abstract,"Vulval, not facial."
PMID:30904911,Jablonska,2019,not reported (authors: Poland),within-subject repeated measures,57,women 16–50 in 4 age groups,unclear,self-report dates,day 5 vs day 25,hydration,face,skin moisture (Aramo SG); serum estradiol by RIA,Luteal moisture from 93.5% (youngest) to 115.5% (oldest group) of standard index; moisture related to estradiol only in 40–50 group; direct day 5 vs day 25 contrast not reported,not_applicable,high: phase contrast not reported; age-group subsamples small,abstract,Estradiol measured but not used to confirm phase.
PMID:30904911,Jablonska,2019,not reported (authors: Poland),within-subject repeated measures,57,women 16–50 in 4 age groups,unclear,self-report dates,day 5 vs day 25,other,face,"pore width, smoothness (Aramo SG)","Day 25: smoothness 43.5 ± 6.7% (40–50, low estradiol) vs 37.5 ± 4.7% (20–29); pore width 35.2 ± 15.7% vs 54.3 ± 28.8%; not statistically significant (p > 0.05)",not_applicable,"high: comparisons are by age/estradiol, not phase",abstract,Discoloration also measured; no result given in abstract.
PMID:29148415,Guzelant,2017,Turkey,cross-sectional survey,"690 (200 BS, 240 FMF, 250 healthy controls)","women of reproductive age with Behçet's syndrome, FMF, and healthy hospital workers",unclear,self-report dates,menstrual period vs other times (recall),acne,not stated,standardised questionnaire: lesions increased during menstrual period,Acneiform lesion most commonly reported menstrual symptom in BS patients (51%) and healthy controls (62%),worse_menstrual,high: self-report (authors note); no pill data,abstract,Healthy controls relevant; asked about menstrual (not premenstrual) period.
PMID:28569570,Bulbul Baskan,2017,Turkey,other,30,"women with mild–moderate acne, regular cycles, no hormonal pathology",unclear,self-report dates,peel in cycle days 1–7 vs 10–14 vs last 10 days (3 groups of 10),acne,face,acne severity scores after 3 months of 50% glycolic acid peels,Severity decreased in all groups; statistically significant only in the day 10–14 (ovulation) group,not_applicable,high: n=10 per arm; allocation method not stated; no between-group test reported,abstract,"Only phase-timed skincare study (Q2); compares timings, not versus steady routine."
PMID:28251894,Saint-Jean,2017,France,RCT,32,young adult women with declared premenstrual acne flares,unclear,not stated,luteal (premenstrual) vs other phase; then half-face treatment in luteal phase,acne,face,"lesion counts (papules, closed comedones, inflammatory lesions)","Observational phase: papules 20.2 vs 13.7 (p = 0.0008), closed comedones 25.6 vs 22.7 (p = 0.04) during premenstrual flare; RCT: dermocosmetic vs placebo half-face inflammatory lesions 7.6 vs 9.4 (p = 0.01) in luteal phase",worse_premenstrual_or_luteal,some concerns: selected for declared flares; phase method not stated; industry product,abstract,Observational 2 cycles + randomised double-blind half-face phase.
PMID:20874438,Pereira-Vega,2010,not reported (authors: Spain),prospective cohort,103,asthmatic women of fertile age,unclear,not stated,"premenstrual vs preovulatory, single cycle",acne,not stated,symptom questionnaire incl. acne,Practically all monitored symptoms (acne among them) increased premenstrually vs preovulatory; acne-specific numbers not reported,worse_premenstrual_or_luteal,high: asthmatic population; acne result not separately reported,abstract,Acne grouped with oedematous symptoms.
PMID:20629827,Kubota,2010,Japan,cross-sectional survey,1443 (555 girls with acne),"adolescents 13–19, two schools, Kagawa",unclear,self-report dates,flares in proximity to menstruation (recall),acne,not stated,self-administered questionnaire,39.1% of 555 female respondents with acne reported flares in temporal proximity to menstruation,not_applicable,high: self-report; timing (pre vs during) not specified,abstract,"Direction: perimenstrual, phase not specified."
PMID:19757697,Rajar,2009,Pakistan,case series,100 (65 female),"acne patients 11–35, dermatology OPD, Hyderabad",unclear,self-report dates,premenstrual flare (history),acne,face,history of premenstrual flare,Premenstrual flare seen in 70% of female patients,worse_premenstrual_or_luteal,high: history/recall; clinic sample,abstract,Authors call it prospective study.
PMID:19282841,Ghodsi,2009,Iran,cross-sectional survey,1002,high-school pupils aged 16 ± 0.9,unclear,self-report dates,premenstrual phase (questionnaire),acne,not stated,clinical acne severity + questionnaire,Premenstrual phase recognised as a risk factor for moderate-to-severe acne; numbers not reported in abstract,worse_premenstrual_or_luteal,high: questionnaire; numbers not in abstract,abstract,Community-based; acne examined clinically.
PMID:17931445,Koçer,2007,not reported (authors: Turkey),cross-sectional survey,not reported,women 19–40 (menstrual subgroup) within age/sex cerumen study,unclear,not stated,follicular vs luteal vs menstrual,other,non-face,cerumen lipid composition (HPTLC),Follicular samples had significantly lower free fatty acids and higher cholesterol and squalene than luteal or menstrual samples,mixed,"high: n not in abstract; ear canal secretion, not facial skin",abstract,"Cerumen (ear wax), indirect for skin."
PMID:17034515,Roh,2006,not reported (authors: Korea),other,60 (30 female),"volunteers, 30 men and 30 women",unclear,not stated,ovulation vs other phases,other,face,facial pore size (dermoscopic image analysis); sebum (Sebumeter),Pore size significantly increased during ovulation phase (P = 0.008),higher_at_ovulation,high: phase method and comparison not stated; 30 women,abstract,Described as prospective randomised controlled; sebum-phase result not reported.
PMID:16643133,Guinot,2006,France,cross-sectional survey,"8522 (5074 women, 3448 men)",middle-aged adults in SU.VI.MAX cohort,unclear,self-report dates,"menstrual-cycle-related breakouts (past year, recall)",acne,face,"11-item sensitive-skin questionnaire, pattern IV 'breakout of spots' related to menstrual cycle",Pattern IV reported by 49% of premenopausal women,not_applicable,high: recall; phase not specified; middle-aged sample,abstract,"Direction: cycle-related, phase not specified."
PMID:16258697,Muizzuddin,2005,not reported (authors: USA),within-subject repeated measures,not reported,"healthy Caucasian women 21–48, 26–29 day cycles",unclear,self-report dates,"weekly over 2–3 months, by cycle day",barrier_TEWL,not stated,skin barrier strength,Barrier weakest between days 22 and 26,worse_premenstrual_or_luteal,"high: n, site and statistics not in abstract; industry (Estée Lauder)",abstract,Several studies pooled in one report.
PMID:16258697,Muizzuddin,2005,not reported (authors: USA),within-subject repeated measures,not reported,"healthy Caucasian women 21–48, 26–29 day cycles",unclear,self-report dates,"weekly over 2–3 months, by cycle day",hydration,not stated,skin dryness,Skin driest between day 1 and day 6,worse_menstrual,"high: n, site and statistics not in abstract",abstract,
PMID:16258697,Muizzuddin,2005,not reported (authors: USA),within-subject repeated measures,not reported,"healthy Caucasian women 21–48, 26–29 day cycles",unclear,self-report dates,"weekly over 2–3 months, by cycle day",reactivity,not stated,lactic acid sting response,Lactic acid sting response not observed to vary much with the cycle,no_difference,"high: n, site and statistics not in abstract",abstract,
PMID:16258697,Muizzuddin,2005,not reported (authors: USA),within-subject repeated measures,not reported,"healthy Caucasian women 21–48, 26–29 day cycles",unclear,self-report dates,"weekly over 2–3 months, by cycle day",sebum,not stated,skin surface lipids,Skin surface lipid secretion appeared highest on days 16–20,worse_premenstrual_or_luteal,"high: n, site and statistics not in abstract",abstract,Days 16–20 = early/mid luteal.
PMID:16258697,Muizzuddin,2005,not reported (authors: USA),within-subject repeated measures,not reported,"healthy Caucasian women 21–48, 26–29 day cycles",unclear,self-report dates,"weekly over 2–3 months, by cycle day",microbiome,not stated,microbial count,Highest microbial count around days 16–22,worse_premenstrual_or_luteal,"high: n, site and statistics not in abstract",abstract,"Culture count, not sequencing."
PMID:16258697,Muizzuddin,2005,not reported (authors: USA),within-subject repeated measures,not reported,"healthy Caucasian women 21–48, 26–29 day cycles",unclear,self-report dates,"weekly over 2–3 months, by cycle day",other,not stated,UVB minimal erythemal dose,High UVB susceptibility between days 20 and 28,worse_premenstrual_or_luteal,"high: n, site and statistics not in abstract",abstract,Outcome: UV sensitivity.
PMID:15096370,Lucky,2004,not reported (authors: USA),case series,not reported,"women 18–44 with acne, normal periods, untreated",unclear,not stated,"follicular vs luteal, 2 cycles",acne,face,acne lesion counts,63% showed a 25% premenstrual increase in inflammatory lesion count,worse_premenstrual_or_luteal,some concerns: prospective counts but n and phase method not in abstract,abstract,Prospective lesion counts; authors label design case series.
PMID:12786872,Tamer,2003,Turkey,within-subject repeated measures,30,women with nickel sensitivity,unclear,self-report dates,days 7–10 vs days 20–24 (crossover order),reactivity,not stated,nickel patch test (Finn Chamber) reaction severity,Reactions on days 20–24 more severe than days 7–10 but not statistically significant,no_difference,some concerns: no hormone confirmation; contraception not stated,abstract,Allergic reactivity; non-significant trend toward luteal.
PMID:11843213,Poli,2001,France,cross-sectional survey,3305 usable (4000 sent),representative sample of women 25–40,unclear,self-report dates,premenstrual flare (recall),acne,not stated,self-administered questionnaire,Premenstrual flare recorded as causing acne in 78% (of acne subjects); acne prevalence 41%,worse_premenstrual_or_luteal,high: postal self-report; recall,abstract,
PMID:11712049,Stoll,2001,not reported (authors: USA),cross-sectional survey,400,women 12–52 with acne,no,self-report dates,"worse before, during, after menses, or unrelated (recall)",acne,not stated,interview,"177 of 400 (44%) had premenstrual flares; OC use, severity, ethnicity did not affect rate; >33 y higher than 20–33 y (P = .03)",worse_premenstrual_or_luteal,high: recall; OC users included,abstract,
PMID:8763424,Barth,1996,not reported (authors: UK),cross-sectional survey,66,women with hidradenitis suppurativa,unclear,self-report dates,premenstrual flare (history),other,non-face,history of premenstrual flare of HS,Premenstrual flare reported by 32 women,worse_premenstrual_or_luteal,high: history; denominator for flare not stated; disease population,abstract,"Hidradenitis suppurativa, not facial skin."
PMID:8674802,Ito,1996,not reported (authors: Japan),cross-sectional survey,not reported,women with and without acne,unclear,not stated,premenstrual vs menstrual phase,sebum,not stated,skin surface lipids (enzymatic assay),"Women with acne in premenstrual phase had increased glycerol esters, FFAs and cholesterol/esters vs those in menstrual phase",worse_premenstrual_or_luteal,high: method paper; n and statistics not in abstract; apparently between-subject,abstract,Main aim: validate lipid assay.
PMID:1493683,Harvell,1992,not reported (authors: USA),within-subject repeated measures,not reported,normal women,unclear,not stated,max oestrogen vs max progesterone vs min oestrogen/progesterone day,barrier_TEWL,non-face,"baseline TEWL, back and forearm","TEWL higher on minimal oestrogen/progesterone (premenstrual) day vs maximal oestrogen day: back p = 0.037, forearm p = 0.021",worse_premenstrual_or_luteal,high: n not in abstract; 'putative' hormone days; non-facial,abstract,
PMID:1493683,Harvell,1992,not reported (authors: USA),within-subject repeated measures,not reported,normal women,unclear,not stated,max oestrogen vs max progesterone vs min oestrogen/progesterone day,reactivity,non-face,"methyl nicotinate vasodilation (initial response, peak, AUC)",No significant differences in any dose-response characteristic across the 3 days,no_difference,high: n not in abstract; non-facial,abstract,"Baseline blood flow higher at max progesterone (thermoregulation, not extracted)."
PMID:1679000,Fisher,1991,not reported (authors: USA),case series,130,"acne patients with subclinical dermographism, private practice",unclear,self-report dates,premenstrual flare (history),acne,not stated,history of premenstrual flare,The vast majority of women had premenstrual flares (number not reported),worse_premenstrual_or_luteal,high: selected series; no numbers,abstract,
PMID:2033132,Agner,1991,not reported (authors: Denmark),within-subject repeated measures,29,healthy women with regular cycles,unclear,self-report dates,day 1 vs days 9–11,reactivity,not stated,"SLS irritant patch test: visual score, TEWL, oedema, blood flow","Response significantly stronger at day 1 than days 9–11: visual score p < 0.05, TEWL p < 0.05, oedema p < 0.005",worse_menstrual,some concerns: no hormone confirmation; contraception not stated in abstract,abstract,
PMID:1884855,Piérard-Franchimont,1991,not reported (authors: Belgium),within-subject repeated measures,not reported,seborrhoeic and low-sebum women,unclear,not stated,3 consecutive cycles,sebum,not stated,Sebutape sebum excretion and number of active glands,Seborrhoeic women: maximum sebum excretion in week before menstruation; low-sebum women: no changes,mixed,high: n and statistics not in abstract,abstract,
PMID:3219545,Harrison,1988,not reported (authors: UK),case series,134,patients with hidradenitis suppurativa (female:male 13:5),unclear,self-report dates,premenstrual flare (history),other,non-face,history of premenstrual flare of HS,Premenstrual flare in 57 per cent of women,worse_premenstrual_or_luteal,high: history; disease population,abstract,Hidradenitis suppurativa.
PMID:2936421,Mortimer,1986,not reported (authors: UK),case series,42,women with hidradenitis suppurativa,unclear,self-report dates,premenstrual exacerbation (history),other,non-face,history of premenstrual exacerbation of HS,22 of 36 experienced premenstrual exacerbation,worse_premenstrual_or_luteal,high: history; disease population,abstract,PMC copy is scanned images only; abstract used.
PMID:3157562,Schmidt,1985,not reported,case series,26,women 27–42 with acne,unclear,self-report dates,premenstrual or menstrual exacerbation (history),acne,face,history of premenstrual/menstrual exacerbation,71% with normal androgens and 72% with elevated androgens had premenstrual or menstrual exacerbation,worse_premenstrual_or_luteal,high: n=26; history; pre- and menstrual combined,abstract,Face site inferred from 'chin area' nodules mention only.
PMID:32549185,Arafa,2020,Egypt,cross-sectional survey,3065,"women 18–25, population-based random sample",unclear,self-report dates,"before, during, after menses (recall, past 6 months)",acne,not stated,interview: perimenstrual acne flare,"56.7% of acne patients reported perimenstrual flare: 58.5% before menses, 35% during, 6.5% after",worse_premenstrual_or_luteal,high: recall; contraception not stated,abstract,Acne in 44.8% of sample.
PMID:2572112,Berardesca,1989,not reported (authors: Italy),within-subject repeated measures,"32 (20 young, 12 middle-aged)",healthy women aged 20 ± 4 and 42 ± 3,unclear,self-report dates,day 10 vs day 25,other,non-face,skin extensibility time (volar forearm),Extensibility time significantly decreased on day 25 vs day 10 in young group; no significant change in older group,mixed,high: forearm only; no hormone confirmation; small groups,abstract,Authors link to premenstrual skin water increase.
PMID:24301233,Al Mohizea,2013,not reported,within-subject repeated measures,7,volunteers given fractional CO2 laser,unclear,not stated,four predetermined cycle days,colour,not stated,laser-induced post-inflammatory hyperpigmentation,"2 developed hypopigmentation, rest hyperpigmentation; PIH most severe when done just before or after menstruation",worse_menstrual,high: n=7; no statistics; editorial-type report,abstract,Perimenstrual (just before or after menses).
PMID:17204039,Mayrovitz,2007,not reported (authors: USA),within-subject repeated measures,"20 (10 premenopausal, 10 postmenopausal)",premenopausal and postmenopausal women,unclear,hormone-confirmed,"days 4, 12, 22",hydration,non-face,"local tissue water (tissue dielectric constant), forearm","No significant cycle-dependent variation in tissue water (or blood flow, temperature, arm volume)",no_difference,high: n=10 cycling; forearm; dermal water not stratum corneum,abstract,Salivary oestradiol/progesterone confirmed expected pattern.
