id,source,year,journal,title,url
PMID:42356139,pubmed,2026,"Medicina (Kaunas, Lithuania)",Dose Adjustment of JAK Inhibitors for the Management of Moderate-to-Severe Atopic Dermatitis: A Single-Centre Retrospective Study.,
PMID:42312792,pubmed,2026,Current opinion in pediatrics,Hormonal acne therapies in pediatrics.,
PMID:42192555,pubmed,2026,BMC women's health,Dynamics of facial skin microbiota in female college students during menstruation: comparative analysis between regular and irregular menstrual cycles with identification of phase-specific microbiota.,
PMID:42057055,pubmed,2026,BMC women's health,"The characterization of patients with premature ovarian failure, endometriosis, and polycystic ovary syndrome in women attending comprehensive health centers in Urmia, Iran.",
PMID:41723577,pubmed,2026,Medical science monitor : international medical journal of experimental and clinical research,"Comparison of Substances in Combined Oral Contraceptives Used in Acne Vulgaris, Hirsutism, Migraine, and Dysmenorrhea.",
PMID:41447583,pubmed,2025,Cutaneous and ocular toxicology,Isotretinoin-related adverse sexual and reproductive outcomes: a real-world pharmacovigilance study of the FDA Adverse Event Reporting System (FAERS).,
PMID:41349421,pubmed,2025,Clinical neurology and neurosurgery,"Efficacy, safety, and predictors of vagus nerve stimulation in children with drug-resistant epilepsy: A single-center prospective study.",
PMID:41051345,pubmed,2025,Minerva obstetrics and gynecology,Polycystic ovary syndrome and estroprogestins.,
PMID:41024536,pubmed,2025,Mymensingh medical journal : MMJ,Assessment of Clinical Profile and Biochemical Parameters in Diverse Phenotypes of Polycystic Ovarian Syndrome.,
PMID:40990961,pubmed,2025,"Indian journal of dermatology, venereology and leprology",A narrative review of Catamenial dermatology: A glimpse into the menstrual symphony.,
PMID:40878147,pubmed,2025,The Journal of dermatology,Physiological Differences in Sebum Composition in Regularly Menstruating Healthy Women.,
PMID:40825691,pubmed,2025,Zhongguo zhen jiu = Chinese acupuncture & moxibustion,[Therapeutic effect ofacupuncture on hyperandrogenism in polycystic ovary syndrome of kidney-deficiency induced fire hyperactivity].,
PMID:40721762,pubmed,2025,BMC women's health,"Factors associated with premenstrual symptoms: a study among graduate-level students of the institute of science and technology, Tribhuvan university.",
PMID:40660246,pubmed,2025,BMC medicine,The PCOS Phenotypes in Unselected Populations (P-PUP) study: participant clinical features and data harmonization on analysis of individual participant data.,
PMID:40620141,pubmed,2025,BJOG : an international journal of obstetrics and gynaecology,Premenstrual Dysphoric Disorder Prevalence and Symptoms Across Age Groups: A Cross-Sectional Study.,
PMID:40583043,pubmed,2025,Skin research and technology : official journal of International Society for Bioengineering and the Skin (ISBS) [and] International Society for Digital Imaging of Skin (ISDIS) [and] International Society for Skin Imaging (ISSI),"Menopause, Menstrual Cycle, and Skin Barrier Function.",
PMID:40305797,pubmed,2025,Georgian medical news,BIOCHEMICAL INSIGHTS AND HORMONAL MARKERS OF POLYCYSTIC OVARY SYNDROME IN SUDANESE WOMEN: EXPLORING INFERTILITY AND RISK FACTORS IN RED SEA STATE.,
PMID:40164172,pubmed,2025,JMIR research protocols,"Effects of a Monophasic Hormonal Contraceptive With Norgestimate+Ethinyl Estradiol on Menstrual Bleeding: Protocol and Design of a Multicenter, Prospective, Open-Label, Noncomparative Study in Italy.",
PMID:39895044,pubmed,2025,The American journal of case reports,Insulin Resistance in an Underweight Woman with Polycystic Ovary Syndrome: A Case Study.,
PMID:39798662,pubmed,2025,Environmental research,Associations of maternal per- and polyfluoroalkyl substance plasma concentrations during pregnancy with offspring polycystic ovary syndrome and related characteristics in project viva.,
PMID:41768199,pubmed,2025,"Medical archives (Sarajevo, Bosnia and Herzegovina)",Clinical Characteristics and Manifestations of Polycystic Ovary Syndrome: a Comparative Study.,
PMID:39633341,pubmed,2024,BMC women's health,The impact of a lifestyle promotion program on anthropometric and clinical manifestations in adolescents with polycystic ovarian syndrome: a randomized controlled trial.,
PMID:39331347,pubmed,2024,Endocrine,Comparison of metformin with inositol versus metformin alone in women with polycystic ovary syndrome: a systematic review and meta-analysis of randomized controlled trials.,
PMID:39319606,pubmed,2024,International journal of gynaecology and obstetrics: the official organ of the International Federation of Gynaecology and Obstetrics,Impact of age on premenstrual syndrome prevalence and severity: A population-based survey in Brazil.,
PMID:39254585,pubmed,2024,Folia medica Cracoviensia,Clinical patterns and treatment outcomes of polycystic ovarian syndrome.,
PMID:39177615,pubmed,2024,Technology and health care : official journal of the European Society for Engineering and Medicine,Modelling a self-defined CNN for effectual classification of PCOS from ultrasound images.,
PMID:39051650,pubmed,2024,"Women's health (London, England)",Danazol's use for menstrual suppression in transgender individuals: A retrospective multi-site cohort study.,
PMID:38793015,pubmed,2024,"Medicina (Kaunas, Lithuania)",Assessing the Impact of Oral Isotretinoin on the Menstrual Cycle: A Prospective Study on Predictors of Menstrual Irregularities.,
PMID:38702411,pubmed,2024,Scientific reports,Chronicling menstrual cycle patterns across the reproductive lifespan with real-world data.,
PMID:38679788,pubmed,2024,Biology of the cell,A review on the nexus of autophagy genes from the perspective of polycystic ovary syndrome.,
PMID:38450050,pubmed,2024,F1000Research,Hospital-based interventional two-arm parallel comparative study on dydrogesterone vs combined oral contraceptive pills for functional ovarian cysts.,
PMID:38360611,pubmed,2024,BMC complementary medicine and therapies,The effect of Oenothera biennis (Evening primrose) oil on inflammatory diseases: a systematic review of clinical trials.,
PMID:38315812,pubmed,2024,Trends in psychiatry and psychotherapy,Factors associated with suicide risk in young women with premenstrual dysphoric disorder: a population-based study.,
PMID:38245761,pubmed,2024,Journal of ovarian research,The impact of oral isotretinoin on ovarian functions of acne patients complaining of polycystic ovarian syndrome: a prospective study.,
PMID:38229476,pubmed,2024,International journal for vitamin and nutrition research. Internationale Zeitschrift fur Vitamin- und Ernahrungsforschung. Journal international de vitaminologie et de nutrition,Could polyphenols be an effective treatment in the management of polycystic ovary syndrome?,
PMID:41577468,pubmed,2024,Ceska a Slovenska farmacie : casopis Ceske farmaceuticke spolecnosti a Slovenske farmaceuticke spolecnosti,Evaluation of polycystic ovary syndrome pharmacotherapy.,
PMID:37669004,pubmed,2023,Journal of women's health (2002),Unmet Clinical Needs in Women with Aesthetic Manifestations of Polycystic Ovary Syndrome: A Cross-Sectional Study.,
PMID:37584928,pubmed,2023,African journal of reproductive health,Deciphering gynaecological pathologies in women with acne and alopecia: an imaging experience.,
PMID:37568063,pubmed,2023,Endocrine,Effects of resveratrol on polycystic ovarian syndrome: a systematic review and meta-analysis of randomized controlled trials.,
PMID:37462232,pubmed,2023,The Cochrane database of systematic reviews,Statins for women with polycystic ovary syndrome not actively trying to conceive.,
PMID:37405691,pubmed,2024,Military medicine,The Experience of Living With Polycystic Ovary Syndrome in the Military.,
PMID:37333786,pubmed,2023,The Pan African medical journal,Efficacy of resveratrol in women with polycystic ovary syndrome: a systematic review and meta-analysis of randomized clinical trials.,
PMID:37265016,pubmed,2023,Clinical endocrinology,A randomized controlled trial comparing myoinositol with metformin versus metformin monotherapy in polycystic ovary syndrome.,
PMID:37259058,pubmed,2023,BMC women's health,The menstrual cycle regularity and skin: irregular menstrual cycle affects skin physiological properties and skin bacterial microbiome in urban Chinese women.,
PMID:37217826,pubmed,2023,"Reproductive sciences (Thousand Oaks, Calif.)",Clinical Phenotypes of PCOS: a Cross-Sectional Study.,
PMID:36907946,pubmed,2023,European journal of pediatrics,Adolescents' polycystic ovary syndrome health-related quality of life questionnaire (APQ-20): development and psychometric properties.,
PMID:36695232,pubmed,2023,Annals of African medicine,A study of hormonal and anthropometric parameters in polycystic ovarian syndrome.,
PMID:36606389,pubmed,2023,Journal of cosmetic dermatology,Biochemical and hormonal abnormalities in adult female acne.,
PMID:36537685,pubmed,2022,Skinmed,Aseptic Pustulosis of the Folds Successfully Treated with Methotrexate.,
PMID:36099165,pubmed,2022,"Human reproduction (Oxford, England)",Maternal polycystic ovarian syndrome and pubertal development in daughters and sons: a population-based cohort study.,
PMID:35810346,pubmed,2022,Journal of cosmetic dermatology,Clinical and metagenomic profiling of hormonal acne-prone skin in different populations.,
PMID:35534402,pubmed,2022,Current problems in pediatric and adolescent health care,Premenstrual syndrome and premenstrual dysphoric disorder in adolescents.,
PMID:35081394,pubmed,2022,Life sciences,Effect of estrogen/progesterone ratio on the differentiation and the barrier function of epidermal keratinocyte and three-dimensional cultured human epidermis.,
PMID:34962522,pubmed,2021,JAMA,"Contraception Selection, Effectiveness, and Adverse Effects: A Review.",
PMID:34929904,pubmed,2021,Gaceta sanitaria,The effect of estrogen hormone on premenstrual syndrome (PMS) occurrences in teenage girls at Pesantren Darul Arqam Makassar.,
PMID:34919250,pubmed,2021,European review for medical and pharmacological sciences,Treatment of lean PCOS teenagers: a follow-up comparison between Myo-Inositol and oral contraceptives.,
PMID:34715118,pubmed,2021,Metabolism: clinical and experimental,Effect of oral contraceptives on energy balance in women: A review of current knowledge and potential cellular mechanisms.,
PMID:34559839,pubmed,2021,PloS one,Exploring menstrual products: A systematic review and meta-analysis of reusable menstrual pads for public health internationally.,
PMID:34520248,pubmed,2021,Journal of women's health (2002),Prevalence of Hirsutism Among Reproductive-Aged African American Women.,
PMID:34505184,pubmed,2021,West African journal of medicine,"The Clinical and Epidemiological Profile of Adult Female Acne Vulgaris in Lagos, Nigeria.",
PMID:34423850,pubmed,2021,The Australasian journal of dermatology,Adult female acne: Clinical characteristics and factors significantly associated with polycystic ovary syndrome.,
PMID:34292855,pubmed,2021,Health care for women international,"Body mass index, menstruation, acne, and hirsutism of polycystic ovary syndrome in women: A cross-sectional study.",
PMID:34105603,pubmed,2021,CoDAS,Kymographic characteristics of voice in women with Polycystic ovary syndrome.,
PMID:33655630,pubmed,2021,Journal of cosmetic dermatology,"Prevalence of acne vulgaris and its clinico-epidemiological pattern in adult patients: Results of a prospective, observational study.",
PMID:33638033,pubmed,2021,Archives of dermatological research,Unbearable transepidermal water loss (TEWL) experimental variability: why?,
PMID:33610422,pubmed,2021,"Clinical nutrition (Edinburgh, Scotland)","Effect of resveratrol on menstrual cyclicity, hyperandrogenism and metabolic profile in women with PCOS.",
PMID:33471379,pubmed,2021,International journal of dermatology,"Analysis of 3702 patients with acne vulgaris and concomitant comorbidities in Turkey: a multi-centered, prospective, controlled study.",
PMID:33209157,pubmed,2020,The Pan African medical journal,Oral contraceptive use and premenstrual syndrome among sexually active female university students in Cameroon.,
PMID:33042936,pubmed,2020,Frontiers in public health,A Review of Advancement on Influencing Factors of Acne: An Emphasis on Environment Characteristics.,
PMID:32857168,pubmed,2020,"Der Hautarzt; Zeitschrift fur Dermatologie, Venerologie, und verwandte Gebiete","[Hyperandrogenism, adrenal dysfunction, and hirsutism].",
PMID:32803767,pubmed,2020,Clinical and experimental dermatology,Vulval acne: a case series describing clinical features and management.,
PMID:32661954,pubmed,2020,Obesity surgery,The Impact of Bariatric Surgery on Menstrual Abnormalities-a Cross-Sectional Study.,
PMID:32418411,pubmed,2020,Minerva pediatrica,Current treatment for polycystic ovary syndrome: focus on adolescence.,
PMID:32204714,pubmed,2020,BMC medicine,Adolescent polycystic ovary syndrome according to the international evidence-based guideline.,
PMID:32174224,pubmed,2020,Gynecological endocrinology : the official journal of the International Society of Gynecological Endocrinology,Adolescent ovarian thecoma presenting as progressive hyperandrogenism: case report and review of the literature.,
PMID:31950432,pubmed,2020,Advances in therapy,"Safety and Efficacy of Combined Oral Contraceptive Ethinyl Estradiol/Drospirenone (YAZ) in Chinese Women: A Single-Arm, Open-Label, Multicenter, Post-Authorization Study.",
PMID:31917455,pubmed,2020,The Journal of clinical endocrinology and metabolism,Polycystic Ovary Syndrome Signs and Metabolic Syndrome in Premenopausal Hispanic/Latina Women: the HCHS/SOL Study.,
PMID:31353538,pubmed,2018,Journal of food biochemistry,Vitex agnus-castus safeguards the lung against lipopolysaccharide-induced toxicity in mice.,
PMID:31339394,pubmed,2019,Journal of obstetrics and gynaecology : the journal of the Institute of Obstetrics and Gynaecology,"Efficacy of combination therapy of inositols, antioxidants and vitamins in obese and non-obese women with polycystic ovary syndrome: an observational study.",
PMID:31165465,pubmed,2019,Ginekologia polska,Is polycystic ovarian syndrome and insulin resistance associated with abnormal uterine bleeding in adolescents?,
PMID:31080813,pubmed,2019,BioMed research international,The Effects of Oral Isotretinoin in Women with Acne and Polycystic Ovary Syndrome.,
PMID:31073704,pubmed,2019,American journal of clinical dermatology,Is There a Role for Antiandrogen Therapy for Hidradenitis Suppurativa? A Systematic Review of Published Data.,
PMID:31005950,pubmed,2019,Journal of pediatric endocrinology & metabolism : JPEM,Effect of metformin on clinical and biochemical hyperandrogenism in adolescent girls with type 1 diabetes.,
PMID:30904911,pubmed,2019,Skin pharmacology and physiology,"Analysis of the Effect of Serum Estradiol Concentration on Facial Skin Moisture, Pore Width, Discoloration and Smoothness in 16- to 50-Year-Old Women at the 5th and 25th Days of the Menstrual Cycle.",
PMID:30690191,pubmed,2019,"European journal of obstetrics, gynecology, and reproductive biology",Randomised controlled trial to study the efficacy of exercise with and without metformin on women with polycystic ovary syndrome.,
PMID:30187872,pubmed,2018,Nan fang yi ke da xue xue bao = Journal of Southern Medical University,[Efficacy and metabolic safety of long-term treatment with ethinyl oestradiol/cyproterone and desogestrel/ethinyl oestradiol tablets in women with polycystic ovary syndrome].,
PMID:30177298,pubmed,2018,Journal of the Academy of Nutrition and Dietetics,Association between Vitamin D Status and Premenstrual Symptoms.,
PMID:30129786,pubmed,2018,Gynecological endocrinology : the official journal of the International Society of Gynecological Endocrinology,Primary pigmented nodular adrenocortical disease (PPNAD) as an underlying cause of symptoms in a patient presenting with hirsutism and secondary amenorrhea: case report and literature review.,
PMID:30078462,pubmed,2018,The journal of sexual medicine,Male Testosterone Does Not Adapt to the Partner's Menstrual Cycle.,
PMID:29231341,pubmed,2017,Zhongguo zhen jiu = Chinese acupuncture & moxibustion,[Effect of polycystic ovary syndrome treated with the periodic therapy of acupuncture].,
PMID:29172411,pubmed,2017,FP essentials,Contraception Update: Oral Contraception.,
PMID:29148415,pubmed,2017,Clinical and experimental rheumatology,Exacerbation of Behçet's syndrome and familial Mediterranean fever with menstruation.,
PMID:28950854,pubmed,2017,BMC women's health,Hormonal contraceptive use and prevalence of premenstrual symptoms in a multiethnic Canadian population.,
PMID:28942695,pubmed,2017,Gynecological endocrinology : the official journal of the International Society of Gynecological Endocrinology,Ovarian stimulation under the effect of isotretinoin.,
PMID:28850273,pubmed,2017,Gynecological endocrinology : the official journal of the International Society of Gynecological Endocrinology,Therapeutic approach for metabolic disorders and infertility in women with PCOS.,
PMID:28713996,pubmed,2017,Molecular medicine reports,Downregulation of AQP2 in the anterior vaginal wall is associated with the pathogenesis of female stress urinary incontinence.,
PMID:28623918,pubmed,2017,BMC complementary and alternative medicine,Effects of herbal medicine for dysmenorrhea treatment on accompanied acne vulgaris: a study protocol for a randomized controlled trial.,
PMID:28569570,pubmed,2017,Journal of cosmetic and laser therapy : official publication of the European Society for Laser Dermatology,Efficacy of peeling during different periods of the menstrual cycle on acne.,
PMID:28251894,pubmed,2017,European journal of dermatology : EJD,Characteristics of premenstrual acne flare-up and benefits of a dermocosmetic treatment: a double-blind randomised trial.,
PMID:28225954,pubmed,2017,Anais brasileiros de dermatologia,"Frequency, severity and related factors of androgenetic alopecia in dermatology outpatient clinic: hospital-based cross-sectional study in Turkey.",
PMID:28128074,pubmed,2016,Acta dermatovenerologica Croatica : ADC,The Role of Androgens and Estrogens in Hidradenitis Suppurativa - A Systematic Review.,
PMID:27840992,pubmed,2016,Molecular medicine reports,Age-dependent endocrine disorders involved in the pathogenesis of refractory acne in women.,
PMID:27829454,pubmed,2016,BMC psychiatry,"Prolactin related symptoms during risperidone maintenance treatment: results from a prospective, multicenter study of schizophrenia.",
PMID:27808588,pubmed,2016,Gynecological endocrinology : the official journal of the International Society of Gynecological Endocrinology,"Comparison of two insulin sensitizers, metformin and myo-inositol, in women with polycystic ovary syndrome (PCOS).",
PMID:27435889,pubmed,2016,Skin research and technology : official journal of International Society for Bioengineering and the Skin (ISBS) [and] International Society for Digital Imaging of Skin (ISDIS) [and] International Society for Skin Imaging (ISSI),"Skin indentation firmness and tissue dielectric constant assessed in face, neck, and arm skin of young healthy women.",
PMID:27429113,pubmed,2016,Physiological research,The effect of alfacalcidiol and metformin on phenotype manifestations in women with polycystic ovary syndrome - a preliminary study.,
PMID:27320497,pubmed,2016,Journal of cosmetic dermatology,The role of antimullerian hormone in the hormonal workup of women with persistent acne.,
PMID:27307386,pubmed,2016,Human reproduction update,Hormonal contraceptives: pharmacology tailored to women's health.,
PMID:27294593,pubmed,2016,Reviews in endocrine & metabolic disorders,Hidradenitis suppurativa/Acne inversa: an endocrine skin disorder?,
PMID:27244814,pubmed,2016,Pediatrics,Metformin or Oral Contraceptives for Adolescents With Polycystic Ovarian Syndrome: A Meta-analysis.,
PMID:27173495,pubmed,2016,Hormone research in paediatrics,Circulating Anti-Müllerian Hormone Levels in Daughters of Women with and without Polycystic Ovary Syndrome.,
PMID:27141564,pubmed,2015,Cutis,Spironolactone for  Adult Female Acne.,
PMID:26765270,pubmed,2016,Endocrine journal,A case of lean polycystic ovary syndrome with early stage of type 1 diabetes successfully treated with metformin.,
PMID:26703220,pubmed,2015,Diabetes & metabolic syndrome,A comparative study to illustrate the benefits of using ethinyl estradiol-cyproterone acetate over metformin in patients with polycystic ovarian syndrome.,
PMID:26617357,pubmed,2016,Dermatologic clinics,Endocrinologic Aspects of Hidradenitis Suppurativa.,
PMID:26598450,pubmed,2015,Pediatrics,The Diagnosis of Polycystic Ovary Syndrome in Adolescents.,
PMID:26507097,pubmed,2015,Gynecological endocrinology : the official journal of the International Society of Gynecological Endocrinology,Management of polycystic ovarian syndrome with Diane-35 or Diane-35 plus metformin.,
PMID:26491824,pubmed,2015,Minerva ginecologica,Polycystic ovary syndrome (PCOS) and hyperandrogenism: the role of a new natural association.,
PMID:26248242,pubmed,2015,Revista da Associacao Medica Brasileira (1992),Association of oral contraceptive and metformin did not improve insulin resistance in women with polycystic ovary syndrome.,
PMID:26134671,pubmed,2015,PloS one,Changes in Women's Facial Skin Color over the Ovulatory Cycle are Not Detectable by the Human Visual System.,
PMID:26032952,pubmed,2015,Contraception,"A dose-finding, cross-over study to evaluate the effect of a Nestorone®/Estradiol transdermal gel delivery on ovulation suppression in normal ovulating women.",
PMID:25814168,pubmed,2015,BMJ clinical evidence,Polycystic ovary syndrome (PCOS): metformin.,
PMID:25725683,pubmed,2015,Mymensingh medical journal : MMJ,Obesity with irregular menstrual cycle in young girls.,
PMID:25683236,pubmed,2015,Clinical and experimental dermatology,The menstrual cycle and the skin.,
PMID:25670222,pubmed,2015,Minerva ginecologica,Myo-inositol vs. D-chiro inositol in PCOS treatment.,
PMID:25629036,pubmed,2015,BioMed research international,Urban rural comparisons of polycystic ovary syndrome burden among adolescent girls in a hospital setting in India.,
PMID:25496917,pubmed,2014,Contraception,Restoring testosterone levels by adding dehydroepiandrosterone to a drospirenone containing combined oral contraceptive: II. Clinical effects.,
PMID:25296739,pubmed,2014,Journal of the European Academy of Dermatology and Venereology : JEADV,Large-scale international study enhances understanding of an emerging acne population: adult females.,
PMID:25133506,pubmed,2014,Experimental and clinical psychopharmacology,Consideration of sex in clinical trials of transdermal nicotine patch: a systematic review.,
PMID:25085801,pubmed,2014,"Human reproduction (Oxford, England)",Irregular menstruation and hyperandrogenaemia in adolescence are associated with polycystic ovary syndrome and infertility in later life: Northern Finland Birth Cohort 1986 study.,
PMID:25056245,pubmed,2014,Panminerva medica,Combined oral contraceptives: health benefits beyond contraception.,
PMID:25052966,pubmed,2014,Journal of the College of Physicians and Surgeons--Pakistan : JCPSP,Influence of anthropometric measurements on abnormal gonadotropin secretion in women with polycystic ovary syndrome.,
PMID:24952024,pubmed,2014,Archives of dermatological research,Could adult female acne be associated with modern life?,
PMID:24926520,pubmed,2014,Prescrire international,Bleeding associated with uterine leiomyomas. Tailor treatment to the individual patient.,
PMID:24814528,pubmed,2014,Journal of pediatric and adolescent gynecology,"Effects of the insulin sensitizer pioglitazone on menstrual irregularity, insulin resistance and hyperandrogenism in young women with polycystic ovary syndrome.",
PMID:24606085,pubmed,2014,The Journal of clinical endocrinology and metabolism,"Increased androgen, anti-Müllerian hormone, and sporadic anovulation in healthy, eumenorrheic women: a mild PCOS-like phenotype?",
PMID:24520755,pubmed,2013,"Medical archives (Sarajevo, Bosnia and Herzegovina)",Frequency of prediabetes in women with polycystic ovary syndrome.,
PMID:24447981,pubmed,2014,International journal of adolescent medicine and health,Polycystic ovary syndrome in Iranian adolescents.,
PMID:24328568,pubmed,2013,Gynecological endocrinology : the official journal of the International Society of Gynecological Endocrinology,Relation of antimullerian hormone with the clinical signs of hyperandrogenism and polycystic ovary morphology.,
PMID:24222096,pubmed,2013,Seminars in liver disease,Steatohepatitis secondary to long-term glucocorticoid treatment for congenital adrenal hyperplasia: a potential diagnostic pitfall.,
PMID:24199187,pubmed,2013,BioMed research international,Cyclic catamenial dermatoses.,
PMID:23991603,pubmed,2013,Journal of the Medical Association of Thailand = Chotmaihet thangphaet,Opinions and perceptions on acne: a community-based questionnaire study in Thai students.,
PMID:23947827,pubmed,2013,Health and quality of life outcomes,Psychological investigation in patients with polycystic ovary syndrome.,
PMID:23697264,pubmed,2013,Collegium antropologicum,"Genetic polymorphisms of INS, INSR and IRS-1 genes are not associated with polycystic ovary syndrome in Croatian women.",
PMID:23633314,pubmed,2013,The Cochrane database of systematic reviews,Skin patch and vaginal ring versus combined oral contraceptives for contraception.,
PMID:23582301,pubmed,2013,Actas dermo-sifiliograficas,Study of frontal hairline patterns in Spanish Caucasian women.,
PMID:23551372,pubmed,2013,Dermatologic therapy,"Female-specific pruritus from childhood to postmenopause: clinical features, hormonal factors, and treatment considerations.",
PMID:23390843,pubmed,2012,Collegium antropologicum,Clinical and biochemical characteristics of polycystic ovary syndrome in Croatian population.,
PMID:23108387,pubmed,2012,Archives of gynecology and obstetrics,"Clinical characteristics, metabolic features, and phenotype of Chinese women with polycystic ovary syndrome: a large-scale case-control study.",
PMID:23066115,pubmed,2012,The Journal of clinical endocrinology and metabolism,Effects of gastric bypass surgery on female reproductive function.,
PMID:22950535,pubmed,2012,Drugs,Nomegestrol acetate/estradiol: in oral contraception.,
PMID:22744623,pubmed,2012,Endokrynologia Polska,Measuring salivary androgens as a useful tool in the diagnosis of polycystic ovary syndrome.,
PMID:22648217,pubmed,2012,Journal of drugs in dermatology : JDD,Post-adolescent acne in women: more common and more clinical considerations.,
PMID:22565434,pubmed,2012,"Indian journal of dermatology, venereology and leprology",A clinico-epidemiological study of adult acne: is it different from adolescent acne?,
PMID:22499220,pubmed,2012,"Current opinion in endocrinology, diabetes, and obesity",Nonclassic congenital adrenal hyperplasia.,
PMID:22386050,pubmed,2012,Journal of the American Academy of Dermatology,"Family history, body mass index, selected dietary factors, menstrual history, and risk of moderate to severe acne in adolescents and young adults.",
PMID:22314456,pubmed,2012,Mymensingh medical journal : MMJ,Outcome of metformin treatment in polycystic ovary syndrome.,
PMID:22173824,pubmed,2011,Endocrine,"The impact of birth weight and maternal history on acne, hirsutism, and menstrual disorder symptoms in Turkish adolescent girls.",
PMID:22171769,pubmed,2012,"Women's health (London, England)",Beyaz®: an oral contraceptive fortified with folate.,
PMID:22153789,pubmed,2011,Fertility and sterility,Consensus on women's health aspects of polycystic ovary syndrome (PCOS): the Amsterdam ESHRE/ASRM-Sponsored 3rd PCOS Consensus Workshop Group.,
PMID:22147920,pubmed,2011,"Human reproduction (Oxford, England)",Consensus on women's health aspects of polycystic ovary syndrome (PCOS).,
PMID:22060223,pubmed,2011,Journal of midwifery & women's health,Noncontraceptive uses of hormonal contraception.,
PMID:21995590,pubmed,2011,The European journal of contraception & reproductive health care : the official journal of the European Society of Contraception,"Efficacy and tolerability of a monophasic combined oral contraceptive containing nomegestrol acetate and 17β-oestradiol in a 24/4 regimen, in comparison to an oral contraceptive containing ethinylestradiol and drospirenone in a 21/7 regimen.",
PMID:21961824,pubmed,2011,American journal of obstetrics and gynecology,The state of hormonal contraception today: established and emerging noncontraceptive health benefits.,
PMID:21920195,pubmed,2011,Contraception,The efficacy and safety of an oral contraceptive containing chlormadinone acetate: results of a pooled analysis of noninterventional trials in adult and adolescent women.,
PMID:21877996,pubmed,2011,Expert opinion on pharmacotherapy,The combined oral contraceptive pill containing drospirenone and ethinyl estradiol plus levomefolate calcium.,
PMID:21722894,pubmed,2011,Fertility and sterility,The reproductive and metabolic effect of rosiglitazone on Chinese women with polycystic ovarian syndrome--a double-blind randomized placebo-controlled study.,
PMID:21454179,pubmed,2011,Orvosi hetilap,[Metformin treatment with or without life style changes in patients with polycystic ovary syndrome].,
PMID:21308158,pubmed,2010,Sao Paulo medical journal = Revista paulista de medicina,Relationship between infectious agents for vulvovaginitis and skin color.,
PMID:21155614,pubmed,2011,Clinical drug investigation,"Safety data and beneficial effects of the combined oral contraceptive ethinylestradiol 0.03 mg/chlormadinone acetate 2 mg (Belara®): a 13-cycle, observational study in routine clinical practice.",
PMID:21115506,pubmed,2010,"Human reproduction (Oxford, England)","Cholesterol, endocrine and metabolic disturbances in sporadic anovulatory women with regular menstruation.",
PMID:20946686,pubmed,2010,BMC public health,Self-medication with antibiotics for the treatment of menstrual symptoms in Southwest Nigeria: a cross-sectional study.,
PMID:20943753,pubmed,2010,American journal of physiology. Endocrinology and metabolism,Impact of electro-acupuncture and physical exercise on hyperandrogenism and oligo/amenorrhea in women with polycystic ovary syndrome: a randomized controlled trial.,
PMID:20880492,pubmed,2010,Clinical biochemistry,The relationship of lipid profile and menstrual cycle with acne vulgaris.,
PMID:20874438,pubmed,2010,The Journal of asthma : official journal of the Association for the Care of Asthma,Premenstrual asthma and symptoms related to premenstrual syndrome.,
PMID:20807258,pubmed,2010,International journal of cosmetic science,Expert opinion and review article: The timing of comedone extraction in the treatment of premenstrual acne--a proposed therapeutic approach.,
PMID:20629827,pubmed,2010,The Journal of dermatology,Community-based epidemiological study of psychosocial effects of acne in Japanese adolescents.,
PMID:20595950,pubmed,2010,Minerva ginecologica,[Extracontraceptive benefits of EE/DRSP (Yaz) in 24+4 day regimen].,
PMID:20472117,pubmed,2010,Contraception,Long-term efficacy and safety of a monophasic combined oral contraceptive containing 0.02 mg ethinylestradiol and 2 mg chlormadinone acetate administered in a 24/4-day regimen.,
PMID:20394455,pubmed,2010,Drugs,Ethinylestradiol/dienogest in oral contraception.,
PMID:20384388,pubmed,2010,Clinical drug investigation,"Effects of oral contraceptives containing ethinylestradiol with either drospirenone or levonorgestrel on various parameters associated with well-being in healthy women: a randomized, single-blind, parallel-group, multicentre study.",
PMID:21702291,pubmed,2010,"Journal of Ayub Medical College, Abbottabad : JAMC",Pre-examination stress in second year medical students in a government college.,
PMID:19922634,pubmed,2009,BMC medical research methodology,International Active Surveillance Study of Women Taking Oral Contraceptives (INAS-OC Study).,
PMID:19903032,pubmed,2009,Gynecological endocrinology : the official journal of the International Society of Gynecological Endocrinology,Comparison of corticoid substitution versus combined oral contraception administration in the treatment of non-classic adrenal hyperplasia: a prospective study.,
PMID:19757697,pubmed,2009,JPMA. The Journal of the Pakistan Medical Association,Scarring in acne patients--a study done at Isra University Hyderabad.,
PMID:19610519,pubmed,2008,"Journal of Ayub Medical College, Abbottabad : JAMC",Pituitary gonadotropic hormones in women with oligo/amenorrhoea.,
PMID:19513939,pubmed,2009,The European journal of contraception & reproductive health care : the official journal of the European Society of Contraception,Twenty or thirty microgram ethinyloestradiol in an oral contraceptive: does it make a difference in the mind and the daily practise of gynaecologists and general practitioners?,
PMID:19439880,pubmed,2009,"Indian journal of dermatology, venereology and leprology",Profile of acne vulgaris--a hospital-based study from South India.,
PMID:19352226,pubmed,2009,The journal of nursing research : JNR,Study of menstrual attitudes and distress among postmenarcheal female students in Hualien County.,
PMID:19340667,pubmed,2009,Gynecological endocrinology : the official journal of the International Society of Gynecological Endocrinology,Autoimmune progesterone dermatitis diagnosed by intravaginal progesterone provocation in a hysterectomised woman.,
PMID:19282841,pubmed,2009,The Journal of investigative dermatology,"Prevalence, severity, and severity risk factors of acne in high school pupils: a community-based study.",
PMID:19147411,pubmed,2009,Best practice & research. Clinical obstetrics & gynaecology,Contraception and gynaecological care.,
PMID:19099613,pubmed,2009,Obstetrical & gynecological survey,Physiological changes associated with the menstrual cycle: a review.,
PMID:19004402,pubmed,2008,The Journal of reproductive medicine,A randomized prospective trial of the cutaneous and sensory effects of feminine hygiene wet wipes.,
PMID:18980763,pubmed,2008,Fertility and sterility,Clinical and biochemical presentations of polycystic ovary syndrome among obese and nonobese women.,
PMID:18980044,pubmed,2008,The Journal of reproductive medicine,YAZ and the novel progestin drospirenone.,
PMID:18710356,pubmed,2008,Expert opinion on pharmacotherapy,Non-contraceptive benefits of oral contraceptives.,
PMID:18657769,pubmed,2008,Homeopathy : the journal of the Faculty of Homeopathy,Towards standard setting for patient-reported outcomes in the NHS homeopathic hospitals.,
PMID:18639784,pubmed,2008,The Journal of adolescent health : official publication of the Society for Adolescent Medicine,Body shape and size and insulin resistance as early clinical predictors of hyperandrogenic anovulation in ethnic minority adolescent girls.,
PMID:18635183,pubmed,2008,International journal of gynaecology and obstetrics: the official organ of the International Federation of Gynaecology and Obstetrics,Clinical and metabolic effects of medroxyprogesterone acetate and ethinyl estradiol plus drospirenone in women with polycystic ovary syndrome.,
PMID:18389090,pubmed,2008,"Drugs of today (Barcelona, Spain : 1998)",Drospirenone/ethinyl estradiol.,
PMID:18342858,pubmed,2008,Fertility and sterility,Ultrasound-guided transvaginal ovarian needle drilling (UTND) for treatment of polycystic ovary syndrome: a randomized controlled trial.,
PMID:18329241,pubmed,2008,"Presse medicale (Paris, France : 1983)",[Specificity of acne in women older than 25 years].,
PMID:17982334,pubmed,2007,Clinical obstetrics and gynecology,The transdermal contraceptive patch: an updated review of the literature.,
PMID:17963857,pubmed,2007,Contraception,Noncontraceptive benefits of two combined oral contraceptives with antiandrogenic properties among adolescents.,
PMID:17931445,pubmed,2007,The Journal of laryngology and otology,"Investigation of age, sex and menstrual stage variation in human cerumen lipid composition by high performance thin layer chromatography.",
PMID:17923832,pubmed,2007,Minerva ginecologica,[Individualization of low-dose oral contraceptives. Pharmacological principles and practical indications for oral contraceptives].,
PMID:17763263,pubmed,2007,The European journal of contraception & reproductive health care : the official journal of the European Society of Contraception,Side effects and acceptability of Implanon: a pilot study conducted in eastern Turkey.,
PMID:17688623,pubmed,2007,The journal of obstetrics and gynaecology research,Impact of use of combined oral contraceptive pill on the quality of life of Japanese women.,
PMID:17683173,pubmed,2007,Drugs,"Drospirenone/ethinylestradiol 3mg/20microg (24/4 day regimen): a review of its use in contraception, premenstrual dysphoric disorder and moderate acne vulgaris.",
PMID:17656175,pubmed,2007,Contraception,Switching hormonal contraceptives to a chlormadinone acetate-containing oral contraceptive. The Contraceptive Switch Study.,
PMID:17592439,pubmed,2007,Minerva medica,Comprehensive clinical management of polycystic ovary syndrome.,
PMID:17472544,pubmed,2007,Expert opinion on pharmacotherapy,Drospirenone: a novel progestin.,
PMID:17462645,pubmed,2007,Hormones and behavior,Elevated rates of testosterone-related disorders in women with autism spectrum conditions.,
PMID:17454455,pubmed,2007,Journal of obstetrics and gynaecology : the journal of the Institute of Obstetrics and Gynaecology,Therapeutic options in the polycystic ovary syndrome.,
PMID:17333831,pubmed,2006,Eastern Mediterranean health journal = La revue de sante de la Mediterranee orientale = al-Majallah al-sihhiyah li-sharq al-mutawassit,Factors believed by Jordanian acne patients to affect their acne condition.,
PMID:17062047,pubmed,2006,Journal of the European Academy of Dermatology and Venereology : JEADV,The prevalence of acne in the north of Portugal.,
PMID:17034515,pubmed,2006,The British journal of dermatology,Sebum output as a factor contributing to the size of facial pores.,
PMID:17033192,pubmed,2006,"Dermatology (Basel, Switzerland)",Psoriasin and follicular hyperkeratinization in acne comedones.,
PMID:16850674,pubmed,2006,Journal of the Medical Association of Thailand = Chotmaihet thangphaet,Effects of Jadelle used in Thai women aged between 20 and 45 years in King Chulalongkorn Memorial Hospital.,
PMID:16850673,pubmed,2006,Journal of the Medical Association of Thailand = Chotmaihet thangphaet,Effects of biphasic oral contraceptives containing desogestrel (Oilezz) on cycle control facial acne and seborrhea in healthy Thai women.,
PMID:16831357,pubmed,2006,Zhonghua fu chan ke za zhi,[Epidemiological study of clinical characteristics of Chinese Han ethnic women with polycystic ovary syndrome].,
PMID:16785260,pubmed,2006,"Human reproduction (Oxford, England)",Metformin treatment is effective in obese teenage girls with PCOS.,
PMID:16643133,pubmed,2006,Journal of the European Academy of Dermatology and Venereology : JEADV,Self-reported skin sensitivity in a general adult population in France: data of the SU.VI.MAX cohort.,
PMID:16633984,pubmed,2006,Seminars in reproductive medicine,Testosterone therapy in premenopausal women.,
PMID:16600228,pubmed,2006,Fertility and sterility,Multifollicular ovaries in female adolescents with cystic fibrosis.,
PMID:16448626,pubmed,2006,Biological psychiatry,Valproate is associated with new-onset oligoamenorrhea with hyperandrogenism in women with bipolar disorder.,
PMID:16410982,pubmed,2006,Revista de saude publica,[Population study of premenstrual syndrome].,
PMID:16322391,pubmed,2005,European journal of endocrinology,Clinical and psychological correlates of quality-of-life in polycystic ovary syndrome.,
PMID:16310054,pubmed,2005,Journal of the American Academy of Dermatology,Elevated 17-hydroxyprogesterone serum values in male patients with acne.,
PMID:16258697,pubmed,2005,Journal of cosmetic science,Effect of systemic hormonal cyclicity on skin.,
PMID:16208476,pubmed,2005,Archives of gynecology and obstetrics,Lifetime changes in the vulva and vagina.,
PMID:16136889,pubmed,2001,Zhonghua fu chan ke za zhi,[Mifepristone following conservative surgery in the treatment of endometriosis].,
PMID:15897103,pubmed,2005,Journal of pediatric and adolescent gynecology,Adolescents' experience with the combined estrogen and progestin transdermal contraceptive method Ortho Evra.,
PMID:15871554,pubmed,2003,Treatments in endocrinology,Ethinylestradiol/drospirenone: a review of its use as an oral contraceptive.,
PMID:15854630,pubmed,2005,Contraception,"Safety and efficacy of Implanon, a single-rod implantable contraceptive containing etonogestrel.",
PMID:15838095,pubmed,2004,Annals of the New York Academy of Sciences,An update of congenital adrenal hyperplasia.,
PMID:15783241,pubmed,2005,Drug safety,Vitex agnus castus: a systematic review of adverse events.,
PMID:15548396,pubmed,2004,International journal of gynaecology and obstetrics: the official organ of the International Federation of Gynaecology and Obstetrics,Metformin therapy in women with polycystic ovary syndrome.,
PMID:15523185,pubmed,2004,Hormone research,"Prevalence of polycystic ovary syndrome in girls aged 14-18 years in Isfahan, Iran.",
PMID:15518435,pubmed,2004,Polski merkuriusz lekarski : organ Polskiego Towarzystwa Lekarskiego,[Hormonal factors in etiology of common acne].,
PMID:15451331,pubmed,2004,Contraception,Outcomes of extended oral contraceptive regimens with a shortened hormone-free interval to manage breakthrough bleeding.,
PMID:15222920,pubmed,2004,The journal of family planning and reproductive health care,An observational study of Yasmin in the management of women with polycystic ovary syndrome.,
PMID:15202836,pubmed,2004,Acta dermato-venereologica,Correlation between endocrinological parameters and acne severity in adult women.,
PMID:15157791,pubmed,2004,Contraception,"Cycle control, quality of life and acne with two low-dose oral contraceptives containing 20 microg ethinylestradiol.",
PMID:15134826,pubmed,2004,Molecular and cellular endocrinology,"Drospirenone, a progestogen with antimineralocorticoid properties: a short review.",
PMID:15098889,pubmed,2004,The Journal of reproductive medicine,Premenstrual syndrome and associated skin diseases related to hypersensitivity to female sex hormones.,
PMID:15096370,pubmed,2004,Archives of dermatology,Quantitative documentation of a premenstrual flare of facial acne in adult women.,
PMID:14746946,pubmed,2004,"European journal of obstetrics, gynecology, and reproductive biology",Antiandrogenic progestins for treatment of signs of androgenisation and hormonal contraception.,
PMID:14680788,pubmed,2003,"Gynecologie, obstetrique & fertilite",[Non contraceptive benefits of oral contraception].,
PMID:14593553,pubmed,2003,Seminars in reproductive medicine,Polycystic ovary syndrome in adolescence.,
PMID:14570747,pubmed,2003,Endocrine reviews,Insulin-lowering agents in the management of polycystic ovary syndrome.,
PMID:12861090,pubmed,2003,The Nurse practitioner,Update: The pathogenesis and treatment of PCOS.,
PMID:12843184,pubmed,2003,The Journal of clinical endocrinology and metabolism,Androgen receptor gene CAG repeat polymorphism in the development of ovarian hyperandrogenism.,
PMID:12786872,pubmed,2003,International journal of dermatology,Comparison of nickel patch test reactivity in phases of the menstrual cycle.,
PMID:12724019,pubmed,2003,Gynecological endocrinology : the official journal of the International Society of Gynecological Endocrinology,Effects of metformin therapy on hyperandrogenism in women with polycystic ovarian syndrome.,
PMID:12659405,pubmed,2002,The European journal of contraception & reproductive health care : the official journal of the European Society of Contraception,Experiences with Yasmin: the acceptability of a novel oral contraceptive and its effect on well-being.,
PMID:12659404,pubmed,2002,The European journal of contraception & reproductive health care : the official journal of the European Society of Contraception,Evaluation of a unique oral contraceptive (Yasmin) in the management of premenstrual dysphoric disorder.,
PMID:12497673,pubmed,2002,The Journal of reproductive medicine,Quality of life issues. Potential role for an oral contraceptive containing ethinyl estradiol and drospirenone.,
PMID:12408423,pubmed,2002,American family physician,Epilepsy in women.,
PMID:12374586,pubmed,2002,European journal of paediatric neurology : EJPN : official journal of the European Paediatric Neurology Society,Hyperandrogenism in girls with juvenile neuronal ceroid lipofuscinosis.,
PMID:12151433,pubmed,2002,"Human reproduction (Oxford, England)",Long term follow-up of patients with polycystic ovarian syndrome after laparoscopic ovarian drilling: clinical outcome.,
PMID:12112958,pubmed,2001,Current women's health reports,New options in contraception for adolescents.,
PMID:12072067,pubmed,2002,The British journal of dermatology,"Effects of minoxidil 2% vs. cyproterone acetate treatment on female androgenetic alopecia: a controlled, 12-month randomized trial.",
PMID:12066088,pubmed,2002,American journal of obstetrics and gynecology,Acceptance of altering the standard 21-day/7-day oral contraceptive regimen to delay menses and reduce hormone withdrawal symptoms.,
PMID:11937954,pubmed,2002,Annales de dermatologie et de venereologie,[Acne in adult women: data from a national study on the relationship between type of acne and markers of clinical hyperandrogenism].,
PMID:11875860,pubmed,2002,"Gynecologie, obstetrique & fertilite",[Feminine acne: dermatologic disease or endocrine disease?].,
PMID:11843213,pubmed,2001,Journal of the European Academy of Dermatology and Venereology : JEADV,An epidemiological study of acne in female adults: results of a survey conducted in France.,
PMID:11720881,pubmed,2001,European journal of endocrinology,Receiver operating characteristic analysis of the performance of basal serum hormone profiles for the diagnosis of polycystic ovary syndrome in epidemiological studies.,
PMID:11712049,pubmed,2001,Journal of the American Academy of Dermatology,The effect of the menstrual cycle on acne.,
PMID:11705091,pubmed,2001,American journal of clinical dermatology,Estrogen and skin. An overview.,
PMID:11686547,pubmed,2001,Journal of endocrinological investigation,Skin disorders and thyroid diseases.,
PMID:11559453,pubmed,2001,Journal of women's health & gender-based medicine,Evaluation of a unique oral contraceptive in the treatment of premenstrual dysphoric disorder.,
PMID:11524631,pubmed,2001,Neuro endocrinology letters,High incidence of hyperandrogenism-related clinical signs in patients with multiple sclerosis.,
PMID:11518448,pubmed,2001,The European journal of contraception & reproductive health care : the official journal of the European Society of Contraception,A large observational clinical evaluation of a desogestrel-containing combiphasic oral contraceptive in Germany.,
PMID:11437938,pubmed,2001,Journal of cutaneous pathology,Scarring alopecia and the dermatopathologist.,
PMID:11319503,pubmed,2001,Minerva ginecologica,[Correlations between acne and polycystic ovary. A study of 60 cases].,
PMID:11296811,pubmed,2001,International journal of fertility and women's medicine,Hypothalamic-pituitary-thyroidal axis dysfunction and cortisol secretion in patients with nonclassical congenital adrenal hyperplasia.,
PMID:11214820,pubmed,2000,Archives of dermatological research,"Role of androgens in female-pattern androgenetic alopecia, either alone or associated with other symptoms of hyperandrogenism.",
PMID:11157995,pubmed,2001,The Journal of clinical endocrinology and metabolism,Fertility and body composition after laparoscopic bilateral adrenalectomy in a 30-year-old female with congenital adrenal hyperplasia.,
PMID:11012575,pubmed,2000,Clinical endocrinology,How common are polycystic ovaries and the polycystic ovarian syndrome in women with Cushing's syndrome?,
PMID:10953475,pubmed,2000,Ceska gynekologie,[Prediction of the effect of a triphasic contraceptive agent with norgestimate on acne].,
PMID:10951152,pubmed,2000,The British journal of dermatology,The role of androgens in determining acne severity in adult women.,
PMID:10856473,pubmed,2000,Fertility and sterility,Metformin therapy decreases hyperandrogenism and hyperinsulinemia in women with polycystic ovary syndrome.,
PMID:10849121,pubmed,2000,International journal of dermatology,Desideratum dermatologicum--cause and control of premenstrual acne flare.,
PMID:10836660,pubmed,2000,The European journal of contraception & reproductive health care : the official journal of the European Society of Contraception,Efficacy and tolerability of a monophasic oral contraceptive containing ethinylestradiol and drospirenone.,
PMID:10568063,pubmed,1999,Ceska gynekologie,[Prediction of increased levels of androgen in women with acne vulgaris using ultrasound and clinical parameters].,
PMID:10389477,pubmed,1999,Revue medicale de Liege,[Perimenstrual dermatoses: a comment fact of chronobiology].,
PMID:10342094,pubmed,1999,Contraception,Oral contraceptive health benefits: perception versus reality.,
PMID:9859526,pubmed,1998,Akusherstvo i ginekologiia,[Current monophasic hormonal contraception].,
PMID:9853201,pubmed,1998,The European journal of contraception & reproductive health care : the official journal of the European Society of Contraception,Efficacy and acceptability of two monophasic oral contraceptives containing ethinylestradiol and either desogestrel or gestodene.,
PMID:9828903,pubmed,1998,Clinical endocrinology,"The effects of low-dose testosterone treatment on lipid metabolism, clotting factors and ultrasonographic ovarian morphology in women.",
PMID:9808377,pubmed,1998,Acta obstetricia et gynecologica Scandinavica,"The use of oral contraceptives by adolescents for contraception, menstrual cycle problems or acne.",
PMID:9770851,pubmed,1997,Ginekologia polska,[Nipple dysplasia and androgen syndrome].,
PMID:9757871,pubmed,1998,Fertility and sterility,A prospective study of reproductive factors and oral contraceptive use in relation to the risk of uterine leiomyomata.,
PMID:9756306,pubmed,1998,"Human reproduction (Oxford, England)","Relationship of the menstrual cycle pattern in 14-17 year old old adolescents with gynaecological age, body mass index and historical parameters.",
PMID:9700865,pubmed,1998,Wiener medizinische Wochenschrift (1946),[Rationale for prescribing oral contraceptives].,
PMID:9678075,pubmed,1997,The European journal of contraception & reproductive health care : the official journal of the European Society of Contraception,Hormonal contraception and ovarian pathology.,
PMID:9427077,pubmed,1997,International journal of dermatology,Testosterone concentrations and oligomenorrhea in women with acne.,
PMID:9300120,pubmed,1997,Annals of human biology,Age at menarche in Thai girls.,
PMID:9293656,pubmed,1997,The Australasian journal of dermatology,Descriptive epidemiology of acne vulgaris in the community.,
PMID:9179451,pubmed,1997,Contraception,Use of Norplant implants in asymptomatic HIV-1 infected women.,
PMID:9076430,pubmed,1997,"European journal of obstetrics, gynecology, and reproductive biology",Estrogen dermatitis.,
PMID:9174754,pubmed,1997,Current therapy in endocrinology and metabolism,Combination oral contraceptives.,
PMID:8972251,pubmed,1996,European journal of cancer prevention : the official journal of the European Cancer Prevention Organisation (ECP),"A breast cancer case-control study in Girona, Spain. Endocrine, familial and lifestyle factors.",
PMID:9678128,pubmed,1996,The European journal of contraception & reproductive health care : the official journal of the European Society of Contraception,"A triphasic oral contraceptive pill, CTR-05: clinical efficacy and safety.",
PMID:9045216,pubmed,1996,La Pediatria medica e chirurgica : Medical and surgical pediatrics,[Endocrino-gynecologic problems of the female adolescent].,
PMID:8920351,pubmed,1996,Journal of pediatric health care : official publication of National Association of Pediatric Nurse Associates & Practitioners,Use of depo-provera in teens.,
PMID:8896947,pubmed,1996,Contact dermatitis,Guidelines for measurement of skin colour and erythema. A report from the Standardization Group of the European Society of Contact Dermatitis.,
PMID:8884544,pubmed,1996,Journal of endocrinological investigation,Clinical features and hormonal characteristics in a case of ovarian arrhenoblastoma.,
PMID:8763424,pubmed,1996,The British journal of dermatology,Endocrine factors in pre- and postmenopausal women with hidradenitis suppurativa.,
PMID:8689882,pubmed,1996,Contraception,Changes in androgens during treatment with four low-dose contraceptives.,
PMID:8674802,pubmed,1996,The Journal of international medical research,A novel enzymatic assay for the quantification of skin surface lipids.,
PMID:8631187,pubmed,1996,Contraception,Effectiveness of Norplant implants among Thai women in Bangkok.,
PMID:8715078,pubmed,1995,"Revista de enfermeria (Barcelona, Spain)",[Natural family planning. An alternative].,
PMID:7593420,pubmed,1995,The Journal of clinical endocrinology and metabolism,The biochemical and phenotypic characterization of females homozygous for 5 alpha-reductase-2 deficiency.,
PMID:8682343,pubmed,1995,Ginekologia polska,[Pharmacologic treatment for polycystic ovary syndrome].,
PMID:7581961,pubmed,1995,European journal of endocrinology,Early polycystic ovary-like syndrome in girls with central precocious puberty and exaggerated adrenal response.,
PMID:7577850,pubmed,1995,British journal of obstetrics and gynaecology,Updating the clinical experience in endometriosis--the Brazilian perspective.,
PMID:8521763,pubmed,1995,Drugs,"Gestodene. A review of its pharmacology, efficacy and tolerability in combined contraceptive preparations.",
PMID:8520092,pubmed,1995,The Annals of pharmacotherapy,"Desogestrel, norgestimate, and gestodene: the newer progestins.",
PMID:7662688,pubmed,1995,The Journal of adolescent health : official publication of the Society for Adolescent Medicine,Depo-Provera in adolescents: effects of early second injection or prior oral contraception.,
PMID:7662687,pubmed,1995,The Journal of adolescent health : official publication of the Society for Adolescent Medicine,Adolescents and Norplant: preliminary findings of side effects.,
PMID:7796588,pubmed,1995,Contraception,Levonorgestrel intrauterine device in the treatment of menorrhagia in Chinese women: efficacy versus acceptability.,
PMID:7845497,pubmed,1995,Nederlands tijdschrift voor geneeskunde,[Use of the pill by adolescents for contraception or as therapy].,
PMID:8574256,pubmed,1995,International journal of fertility and menopausal studies,"Comparative evaluation of the androgenicity of four low-dose, fixed-combination oral contraceptives.",
PMID:7988017,pubmed,1994,Clinical chemistry,Hirsutism and acne in women: coordinated radioimmunoassays for eight relevant plasma steroids.,
PMID:8719015,pubmed,1994,Geburtshilfe und Frauenheilkunde,[Ovarian suppression with Diane 35/50].,
PMID:7708536,pubmed,1994,La Pediatria medica e chirurgica : Medical and surgical pediatrics,[Endocrine-gynecological problems in female adolescents].,
PMID:7844209,pubmed,1994,"Human reproduction (Oxford, England)",Contraception with NORPLANT implants.,
PMID:7483621,pubmed,1994,"Wiadomosci lekarskie (Warsaw, Poland : 1960)",[Clinical observations using the new contraceptive preparation containing gestagen].,
PMID:7811185,pubmed,1994,Asia-Oceania journal of obstetrics and gynaecology,Clinical usefulness of low-dose oral contraceptives for the treatment of adolescent hyperandrogenemia.,
PMID:7927560,pubmed,1994,The Indian journal of medical research,Hormone profile & polycystic ovaries in acne vulgaris.,
PMID:7808889,pubmed,1994,Perceptual and motor skills,Preference for darker faces in photographs at different phases of the menstrual cycle: preliminary assessment of evidence for a hormonal relationship.,
PMID:8042462,pubmed,1994,Acta obstetricia et gynecologica Scandinavica,Evaluation of vaginal and perineal area during the use of external sanitary protection throughout the menstrual cycle.,
PMID:8178905,pubmed,1994,American journal of obstetrics and gynecology,Clinical and metabolic features of desogestrel: a new oral contraceptive preparation.,
PMID:8005508,pubmed,1994,Ginecologia y obstetricia de Mexico,[Symptoms in adolescents in two Mexican cities and association with the menstrual cycle].,
PMID:8144280,pubmed,1993,International journal of epidemiology,The influence of medical conditions associated with hormones on the risk of breast cancer.,
PMID:8222658,pubmed,1993,Contraception,"Comparison of two triphasic oral contraceptives containing either gestodene or norethindrone: a randomized, controlled trial.",
PMID:8370128,pubmed,1993,Clinical endocrinology,"The impact of a pure anti-androgen (flutamide) on LH, FSH, androgens and clinical status in idiopathic hirsutism.",
PMID:8506067,pubmed,1993,Minerva ginecologica,[Treatment of secondary adolescent amenorrhea with purified FSH].,
PMID:8483013,pubmed,1993,Journal of nurse-midwifery,Subdermal contraceptive implants in nurse-midwifery practice.,
PMID:8447356,pubmed,1993,American journal of obstetrics and gynecology,Combined oral contraception with desogestrel/ethinyl estradiol: tolerability profile.,
PMID:8449019,pubmed,1993,Contraception,Preliminary experience with Norplant in an inner city population.,
PMID:8260969,pubmed,1993,International journal of fertility and menopausal studies,Clinical review of a monophasic oral contraceptive containing desogestrel and ethinyl estradiol.,
PMID:1437913,pubmed,1992,Postgraduate medicine,Benefits and risks of oral contraceptive use.,
PMID:1493683,pubmed,1992,Contact dermatitis,Changes in transepidermal water loss and cutaneous blood flow during the menstrual cycle.,
PMID:1564678,pubmed,1992,Journal of psychosomatic research,A prospective treatment study of premenstrual symptoms using a triphasic oral contraceptive.,
PMID:1636360,pubmed,1992,Acta dermato-venereologica. Supplementum,"Noninvasive measuring methods for the investigation of irritant patch test reactions. A study of patients with hand eczema, atopic dermatitis and controls.",
PMID:1438600,pubmed,1992,Seishin shinkeigaku zasshi = Psychiatria et neurologia Japonica,[Gonadal function in young female affective illness associated with the menstrual cycle--in relation to the polycystic ovary syndrome].,
PMID:1834727,pubmed,1991,Journal of gerontology,Transdermal estradiol with oral progestin: biological and clinical effects in younger and older postmenopausal women.,
PMID:1658321,pubmed,1991,The Journal of reproductive medicine,Evaluation of vulvar irritancy potential of a menstrual pad containing sodium bicarbonate in short-term application.,
PMID:1904568,pubmed,1991,Obstetrics and gynecology,Gonadotropin dynamics in women receiving immediate or delayed transdermal estradiol after oophorectomy.,
PMID:1831118,pubmed,1991,Cutis,Postadolescent acne in women.,
PMID:1679000,pubmed,1991,Cutis,A syndrome of acne vulgaris and subclinical dermographic urticaria.,
PMID:2033132,pubmed,1991,Journal of the American Academy of Dermatology,Menstrual cycle and skin reactivity.,
PMID:1826278,pubmed,1991,Fertility and sterility,Treatment of hirsutism by an association of oral cyproterone acetate and transdermal 17 beta-estradiol.,
PMID:1863941,pubmed,1991,Clinical therapeutics,Synphasic tablets in Canadian practice: a phase-IV multicenter study.,
PMID:1916521,pubmed,1991,Gynakologische Rundschau,[Acceptance and subjective well-being with a norgestimate combination pill].,
PMID:1884855,pubmed,1991,Dermatologica,Rhythm of sebum excretion during the menstrual cycle.,
PMID:1837655,pubmed,1991,Acta Universitatis Palackianae Olomucensis Facultatis Medicae,On treating acne vulgaris with antiandrogens.,
PMID:1746207,pubmed,1991,Acta Europaea fertilitatis,Changes in fatty acids sebum composition during human menstrual cycle: possible relationships with fertile period.,
PMID:2151406,pubmed,1990,Therapeutische Umschau. Revue therapeutique,[Does the pill have a psychotropic effect?].,
PMID:2151388,pubmed,1990,Endocrinologia experimentalis,Endocrine parameters in acne vulgaris.,
PMID:2150581,pubmed,1990,Gynecological endocrinology : the official journal of the International Society of Gynecological Endocrinology,Long-term experience with a low-dose oral contraceptive.,
PMID:2096480,pubmed,1990,Therapeutische Umschau. Revue therapeutique,[Clinical experiences with femovan (Gynera)].,
PMID:2289388,pubmed,1990,Contraception,Cycle control on low-dose oral contraceptives: a comparative trial.,
PMID:2150795,pubmed,1990,Contraception,Cyproterone acetate/ethinyl estradiol in the treatment of acne. A comparative dose-response study of the estrogen component.,
PMID:2142494,pubmed,1990,The Journal of clinical endocrinology and metabolism,"Attenuation of mild hyperandrogenic activity in postpubertal acne by a triphasic oral contraceptive containing low doses of ethynyl estradiol and d,l-norgestrel.",
PMID:2147009,pubmed,1990,Dermatologica,Incidence of polycystic ovaries in patients with late-onset or persistent acne: hormonal reports.,
PMID:2139596,pubmed,1990,Clinical endocrinology,"Late onset adrenal hyperplasia in a group of Irish females who presented with hirsutism, irregular menses and/or cystic acne.",
PMID:2516704,pubmed,1989,Gynecological endocrinology : the official journal of the International Society of Gynecological Endocrinology,"Effects of a low-dose estrogen-antiandrogen combination (Diane-35) on clinical signs of androgenization, hormone profile and ovarian size in patients with polycystic ovary syndrome.",
PMID:2660092,pubmed,1989,Pediatric clinics of North America,Hormonal contraception.,
PMID:2531968,pubmed,1989,Advances in contraception : the official journal of the Society for the Advancement of Contraception,Clinical evaluation of a new combined oral contraceptive desogestrel--ethinylestradiol.,
PMID:2523321,pubmed,1989,Fertility and sterility,Gestrinone versus danazol in the treatment of endometriosis.,
PMID:2527144,pubmed,1989,Chinese medical journal,Testosterone and estradiol serum levels in acne.,
PMID:3219545,pubmed,1988,The British journal of surgery,Endocrine basis for the clinical presentation of hidradenitis suppurativa.,
PMID:3075505,pubmed,1988,The British journal of clinical practice,"Clinical experience in Switzerland with the new monophasic oral contraceptive Minulet (75 mcg gestodene, 30 mcg ethinyl oestradiol).",
PMID:2976224,pubmed,1988,Acta Europaea fertilitatis,The effects of desogestrel and ethinylestradiol combination in normal and hyperandrogenic young girls: speculations on contraception in adolescence.,
PMID:2976617,pubmed,1988,Clinical and experimental obstetrics & gynecology,Hormonal profile and androgen status during the menstrual cycle in women with acne.,
PMID:3657814,pubmed,1987,Monatsschrift Kinderheilkunde : Organ der Deutschen Gesellschaft fur Kinderheilkunde,[Somatic puberty development in girls].,
PMID:3656299,pubmed,1987,The Journal of reproductive medicine,Planned Parenthood experience with triphasil.,
PMID:2959494,pubmed,1987,Experimental and clinical endocrinology,Nuclear and cytosol androgen receptor in androgen dependent dermatoses in female patients.,
PMID:2956138,pubmed,1987,"European journal of obstetrics, gynecology, and reproductive biology",Effect of a combination of ethinylestradiol and desogestrel in adolescents with oligomenorrhea and ovarian hyperandrogenism.,
PMID:3594595,pubmed,1987,Ceskoslovenska gynekologie,[Triphasic combined oral steroidal contraceptives].,
PMID:3822267,pubmed,1987,The Nurse practitioner,The triphasics: insights for effective clinical use.,
PMID:2960493,pubmed,1987,Current medical research and opinion,Multi-centre open study of a triphasic levonorgestrel-ethinyloestradiol combined oral contraceptive ('Trinordiol').,
PMID:2959330,pubmed,1987,Biomedicine & pharmacotherapy = Biomedecine & pharmacotherapie,[Anti-seborrhea effect of cimetidine].,
PMID:3096784,pubmed,1986,Fertility and sterility,Endocrinologic features of oligomenorrheic adolescent girls.,
PMID:2948866,pubmed,1986,Geburtshilfe und Frauenheilkunde,"[Clinical experience with Diane-35, currently the lowest dose antiandrogenic hormonal ovulation inhibitor, in mild to moderative androgenization in the female].",
PMID:3093307,pubmed,1986,Geburtshilfe und Frauenheilkunde,[Inhibition of ovulation with 35 micrograms of ethinyl estradiol and 2 mg of cyproterone acetate (Diane 35)].,
PMID:3007557,pubmed,1986,The Journal of clinical endocrinology and metabolism,Adrenal androgen hyperresponsiveness to adrenocorticotropin in women with acne and/or hirsutism: adrenal enzyme defects and exaggerated adrenarche.,
PMID:2942800,pubmed,1986,Minerva ginecologica,[Plasma and salivary androgens in the various stages of the menstrual cycle in women with acne and hirsutism].,
PMID:2941191,pubmed,1986,Clinics in endocrinology and metabolism,Treatment of hirsutism and acne with cyproterone acetate.,
PMID:2936421,pubmed,1986,British medical journal (Clinical research ed.),Mediation of hidradenitis suppurativa by androgens.,
PMID:2941960,pubmed,1986,Acta Europaea fertilitatis,A new association of ethinylestradiol (0.035 mg) cyproterone acetate (2 mg) in the therapy of polycystic ovary syndrome.,
PMID:2941932,pubmed,1986,Vestnik dermatologii i venerologii,[Reactivity of the skin to sex hormones and bacterial lipopolysaccharide in acne vulgaris].,
PMID:3853920,pubmed,1985,"Soins. Gynecologie, obstetrique, puericulture, pediatrie",[Contraceptive methods for adolescents].,
PMID:2931274,pubmed,1985,Endocrinologia experimentalis,Steroid hormone levels in serum and skin receptor concentrations in hirsutism.,
PMID:4044506,pubmed,1985,The Journal of the Association of Physicians of India,Treatment of epilepsy in women of childbearing age.,
PMID:3855123,pubmed,1985,Canadian operating room nursing journal,Oral contraceptives come of age.,
PMID:3157562,pubmed,1985,Endocrinologia experimentalis,The levels of androgen in serum in female acne patients.,
PMID:3156458,pubmed,1985,Vestnik dermatologii i venerologii,[Adenohypophyseal and gonadal functions in acne vulgaris patients].,
PMID:2939676,pubmed,1985,Acta dermato-venereologica. Supplementum,On therapeutic approaches to some special types of acne.,
PMID:6570117,pubmed,1984,Geburtshilfe und Frauenheilkunde,[Comparison of a 2-phase preparation (Oviol 22) with a low-dose 1-phase preparation (Ovoresta M)].,
PMID:6237195,pubmed,1984,The Journal of reproductive medicine,"Formulation and noncontraceptive uses of the new, low-dose oral contraceptive.",
PMID:6236316,pubmed,1984,Nihon Hifuka Gakkai zasshi. The Japanese journal of dermatology,[The menstrual cycle and serum hormone levels in female patients with acne].,
PMID:6350956,pubmed,1983,Obstetrics and gynecology,Hormonal effects of danazol and medical oophorectomy in endometriosis.,
PMID:6227148,pubmed,1983,Zeitschrift fur Hautkrankheiten,"[Estriol skin effects--clinical, hormonal and sebum parameters in female acne patients].",
PMID:6350580,pubmed,1983,The Journal of reproductive medicine,The use of prostaglandin inhibitors for the premenstrual syndrome.,
PMID:6223780,pubmed,1983,La Clinica terapeutica,[Therapeutic trend in acne associated with the menstrual cycle].,
PMID:6349925,pubmed,1983,Contraception,Comparison of contraceptive acceptability of levonorgestrel and ethinyl oestradiol administered in one three-phasic (Trionetta) and one monophasic (Neovletta) version.,
PMID:6403705,pubmed,1983,The Journal of reproductive medicine,A new ultra-low-dose combination oral contraceptive.,
PMID:6140231,pubmed,1983,International journal of fertility,The phasic approach to oral contraception: the triphasic concept and its clinical application.,
PMID:6809420,pubmed,1982,Contraception,Clinical performance of a new levonorgestrel-releasing intrauterine device. A randomized comparison with a nova-T-copper device.,
PMID:6451638,pubmed,1981,Journal of the American Academy of Dermatology,The menstrual cycle and plasma testosterone levels in women with acne.,
PMID:6249834,pubmed,1980,The Journal of clinical endocrinology and metabolism,Adrenocortical 11 beta-hydroxylation defect in adult women with postmenarchial onset of symptoms.,
PMID:6448429,pubmed,1980,Prostaglandins,"Severe, primary dysmenorrhea treated with naproxen. A prospective, double-blind, crossover investigation.",
PMID:6299908,pubmed,1980,Der Gynakologe,[Clinical use of antiandrogens in the female].,
PMID:7001504,pubmed,1980,Pharmacology & therapeutics,Clinical uses of estrogens.,
PMID:527342,pubmed,1979,Contraception,"Intravaginal contraception with the synthetic progestin, R2010.",
PMID:503375,pubmed,1979,The Nurse practitioner,Side effects of oral contraceptives.,
PMID:160860,pubmed,1979,Contraception,"The probability of side effects with ovral, norinyl 1/50 and norlestrin.",
PMID:488426,pubmed,1979,Fertility and sterility,The relation between plasma testosterone levels and the lengths of phases of the menstrual cycle.,
PMID:385243,pubmed,1979,Contraception,A three-year clinical trial with levonorgestrel silastic implants.,
PMID:395521,pubmed,1979,Postgraduate medical journal,Danazol treatment of benign breast disease: a survey of U.S.A. multi-centre studies.,
PMID:720065,pubmed,1978,Contraception,Pituitary and gonadal function during the use of norgestrelestradiol vaginal rings.,
PMID:148876,pubmed,1978,Archiv fur Gynakologie,Therapy of androgenetic sympatomatology with cyproterone acetate and ethinyl estradiol.,
PMID:839194,pubmed,1977,The Journal of the Florida Medical Association,Oral contraception.,
PMID:966242,pubmed,1976,The Journal of reproductive medicine,Changes in sexual drives of patients on oral contraceptives.,
PMID:1100993,pubmed,1975,Die Medizinische Welt,[Indications for the therapeutic use of contraceptive steroids].,
PMID:126335,pubmed,1975,Journal of steroid biochemistry,"Use of cyproterone acetate (CPA) in the treatment of acne, hirsutism and virilism.",
PMID:1149175,pubmed,1975,Bulletin de la Societe des sciences medicales du Grand-Duche de Luxembourg,[Subjective and objective aspects of modern methods of contraception].,
PMID:124763,pubmed,1975,Taiwan yi xue hui za zhi. Journal of the Formosan Medical Association,Acne in Taiwan. I. Some statistical studies on the influencing factors.,
PMID:125605,pubmed,1975,The British journal of dermatology,Plasma beta-MSH levels in acne vulgaris.,
PMID:4278647,pubmed,1974,Archives of dermatology,Letter: Pyridoxine therapy for premenstrual acne flare.,
PMID:4277158,pubmed,1974,"Der Hautarzt; Zeitschrift fur Dermatologie, Venerologie, und verwandte Gebiete",[Current data on acne juvenilis with reference to the role of Corynebacterium acnes].,
PMID:4274137,pubmed,1974,American journal of obstetrics and gynecology,Serum progesterone in nonpregnant women. I. Comparative study of serum progesterone concentration and urinary pregnanediol excretion.,
PMID:4274248,pubmed,1974,Archives of dermatology,Acne in premature ovarian failure. Reestablishment of cyclic flare-ups with medroxyprogesterone acetate therapy.,
PMID:4208342,pubmed,1974,"Current therapeutic research, clinical and experimental",A double-blind comparison of two oral contraceptives containing 50 mu g. and 30 mu g. ethinyl estradiol.,
PMID:4361984,pubmed,1974,The Journal of investigative dermatology,The control and measurement of sebum secretion.,
PMID:4274918,pubmed,1974,"Der Hautarzt; Zeitschrift fur Dermatologie, Venerologie, und verwandte Gebiete",[Androgenetic acne in the female].,
PMID:4127313,pubmed,1973,"Lancet (London, England)",Explanation for premenstrual acne.,
PMID:4268726,pubmed,1973,Ceskoslovenska gynekologie,[Personal experiences with Minitrol].,
PMID:4695502,pubmed,1973,The Journal of reproductive medicine,Evaluation of d-norgestrel 1.0 mg in cyclic regimen.,
PMID:4120962,pubmed,1973,Acta dermato-venereologica,Variations in sebum excretion during the menstrual cycle.,
PMID:5077864,pubmed,1972,The British journal of dermatology,Age and sex variation in skin surface lipid composition and sebum excretion rate.,
PMID:4263090,pubmed,1972,Lyon medical,[Clinical study of an estro-progestative association in low doses. Experience of 3 years (490 patients-5600 cycles)].,
PMID:4260588,pubmed,1972,The Practitioner,Treatment of acne in general practice.,
PMID:4257912,pubmed,1972,Archives of dermatology,Hydrochlorothiazide and the control of premenstrual exacerbation of acne.,
PMID:4254837,pubmed,1971,"Der Hautarzt; Zeitschrift fur Dermatologie, Venerologie, und verwandte Gebiete",[Studies with the osmium sebum test. Technic of the osmium sebum test. Sebum spreading on the skin. Sebum test on the back and thigh in patients with and without acne. Sebum test during the cycle].,
PMID:5122021,pubmed,1971,Lyon medical,[Clinical study of an estroprogestative agent].,
PMID:4255649,pubmed,1971,The Journal of reproductive medicine,"The comparative effects of the administration of cortisone, estrogen-progestin, and placebo on the clinical manifestations of the polycystic ovary (Stein-Leventhal) syndrome.",
PMID:4251532,pubmed,1971,Acta endocrinologica. Supplementum,"[Treatment of acne, hirsutism and alopecia, by cyproterone acetate and ethinyl estradiol].",
PMID:4269416,pubmed,1970,L'union medicale du Canada,[Recent theories on the physiopathology and treatment of acne vulgaris].,
PMID:4185512,pubmed,1969,Munchener medizinische Wochenschrift (1950),[Hormonal therapy of acne vulgaris. Ovulation inhibitors in premenstrual acne].,
PMID:5746250,pubmed,1968,Marseille medical,"[The steroids, inhibitors of ovarian function].",
PMID:4224294,pubmed,1966,Dermatologische Wochenschrift,[Why does premenstrual acne vulgaris occur almost regularly? (Attempted explanation with a contribution to the endocrinology of sex hormones)].,
PMID:4228422,pubmed,1966,Zeitschrift fur Haut- und Geschlechtskrankheiten,[On the problem of the so-called intramenstrual improvement of acne vulgaris].,
PMID:4223498,pubmed,1965,Dermatologische Wochenschrift,[Changes in the behavior of acne vulgaris during the menstrual cycle].,
PMID:4220521,pubmed,1965,Zeitschrift fur Haut- und Geschlechtskrankheiten,[On the therapy of preovulatory and premenstrual acne vulgaris].,
PMID:14257990,pubmed,1965,Zeitschrift fur Haut- und Geschlechtskrankheiten,[REGRESSION OF SEBORRHEA FOLLOWING CORPUS LUTEUM HORMONE THERAPY].,
PMID:14286079,pubmed,1964,Australian journal of dermatology,ACNE IN THE ADULT FEMALE.,
PMID:14317718,pubmed,1964,Nagoya medical journal,"INFLUENCE OF THE MENSTRUAL CYCLE AND PREGNANCY, OR OF THE ADMINISTRATION OF PROGESTERONE ON THE SEBUM EXCRETION.",
PMID:14167339,pubmed,1964,Applied therapeutics,NORETHINDRONE MESTRANOL AS A THERAPEUTIC AGENT.,
PMID:14158432,pubmed,1964,Svenska lakartidningen,[PERORAL GESTAGEN/ESTROGEN TREATMENT--A SURVEY TOGETHER WITH PERSONAL CLINICAL TRIALS OF THE PREPARATION ANOVLAR].,
PMID:14184309,pubmed,1964,Zeitschrift fur Haut- und Geschlechtskrankheiten,[PREOVULATORY AND PREMENSTRUAL ACNE VULGARIS].,
PMID:14108372,pubmed,1963,Zeitschrift fur Haut- und Geschlechtskrankheiten,[COMMUNICATION ON THE FAVORABLE EFFECT OF ADRENAL CORTEX HORMONES IN A CASE OF PREMENSTRUAL AND PRE-OVULATORY ACNE VULGARIS].,
PMID:14082371,pubmed,1963,Przeglad dermatologiczny,[SECRETION OF SEBUM IN NORMAL WOMEN AND IN CASES OF ACNE VULGARIS DURING THE COURSE OF THE MENSTRUAL CYCLE].,
PMID:14155878,pubmed,1963,Revista de obstetricia y ginecologia de Venezuela,[CONTRIBUTION TO THE STUDY OF THE MENARCHE IN VENEZUELA].,
PMID:13725673,pubmed,1960,Pennsylvania medical journal (1928),Premenstrual acne; a new therapeutic approach.,
PMID:13582195,pubmed,1958,A.M.A. archives of dermatology,Chlorothiazide in acne.,
PMID:13137606,pubmed,1954,A.M.A. archives of dermatology and syphilology,Adult premenstrual acne; an entity suggesting corpus luteum dysfunction.,
NCT03122457,ctgov,2017,,Improvement of Perimenstrual Acne With Clindamycin Phosphate and Benzoyl Peroxide 1.2%/3.75% Combination Gel,https://clinicaltrials.gov/study/NCT03122457
NCT06018168,ctgov,2023,,"A Randomized, Controlled Study Evaluating the Efficacy of a Skincare Routine and Acne Supplement or a Skincare Routine Alone on Improving Acne and Other Symptoms of PMS",https://clinicaltrials.gov/study/NCT06018168
PMID:39776723,consensus,2024,Cureus,Physiological Changes in Women's Skin During the Menstrual Cycle: A Scoping Review.,https://consensus.app/papers/details/b252e01812eb5c3196978ff649fbdd4e/?utm_source=claude_code
PMID:39931829,consensus,2025,The British journal of dermatology,A global study of 17 009 women reveals significant skin condition changes associated with irregular menstrual cycles.,https://consensus.app/papers/details/d44e0ea47d99538980bb14ee0a257b55/?utm_source=claude_code
PMID:32549185,consensus,2020,International journal of adolescent medicine and health,The association of acne and menstrual symptoms among young women (18-25 years) in Egypt: a population-based cross-sectional study.,https://consensus.app/papers/details/dd98103ab93054669c000981fe3f12b5/?utm_source=claude_code
PMID:2572112,citation,1989,Acta dermato-venereologica,Skin extensibility time in women. Changes in relation to sex hormones.,
PMID:24301233,citation,2013,Journal of drugs in dermatology : JDD,The effect of menstrual cycle on laser induced hyperpigmentation.,
PMID:26273846,citation,2015,Computer methods in biomechanics and biomedical engineering,Influence of the menstrual cycle on breast skin elasticity.,
PMID:17204039,citation,2007,Clinical physiology and functional imaging,Skin tissue water and laser Doppler blood flow during a menstrual cycle.,
PMID:25161758,citation,2014,The Journal of clinical and aesthetic dermatology,Perimenstrual flare of adult acne.,
DOI:10.4274/turkderm.galenos.2020.35683,citation,2020,TURKDERM,"Relationship of cutaneous moisture, sebum and pH changes of healthy skin with menstrual cycle",
