id,final_decision,reason,decided_by
PMID:42356139,EXCLUDE,OFF_TOPIC,screeners_agreed
PMID:42312792,EXCLUDE,NOT_PRIMARY,screeners_agreed
PMID:42192555,INCLUDE,,screeners_agreed
PMID:42057055,EXCLUDE,NO_PHASE_COMPARISON,screeners_agreed
PMID:41723577,EXCLUDE,NOT_PRIMARY,screeners_agreed
PMID:41447583,EXCLUDE,OFF_TOPIC,screeners_agreed
PMID:41349421,EXCLUDE,OFF_TOPIC,screeners_agreed
PMID:41051345,EXCLUDE,NOT_PRIMARY,screeners_agreed
PMID:41024536,EXCLUDE,NO_PHASE_COMPARISON,screeners_agreed
PMID:40990961,EXCLUDE,NOT_PRIMARY,screeners_agreed
PMID:40878147,INCLUDE,,screeners_agreed
PMID:40825691,EXCLUDE,NOT_ENGLISH,screeners_agreed
PMID:40721762,INCLUDE,,adjudicator
PMID:40660246,EXCLUDE,NO_PHASE_COMPARISON,screeners_agreed
PMID:40620141,EXCLUDE,NO_PHASE_COMPARISON,adjudicator
PMID:40583043,INCLUDE,,screeners_agreed
PMID:40305797,EXCLUDE,NO_PHASE_COMPARISON,screeners_agreed
PMID:40164172,EXCLUDE,OFF_TOPIC,screeners_agreed
PMID:39895044,EXCLUDE,NO_PHASE_COMPARISON,screeners_agreed
PMID:39798662,EXCLUDE,NO_PHASE_COMPARISON,screeners_agreed
PMID:41768199,EXCLUDE,NO_PHASE_COMPARISON,screeners_agreed
PMID:39633341,EXCLUDE,NO_PHASE_COMPARISON,screeners_agreed
PMID:39331347,EXCLUDE,NOT_PRIMARY,screeners_agreed
PMID:39319606,EXCLUDE,NO_PHASE_COMPARISON,adjudicator
PMID:39254585,EXCLUDE,NO_PHASE_COMPARISON,screeners_agreed
PMID:39177615,EXCLUDE,OFF_TOPIC,screeners_agreed
PMID:39051650,EXCLUDE,OFF_TOPIC,screeners_agreed
PMID:38793015,EXCLUDE,OFF_TOPIC,screeners_agreed
PMID:38702411,EXCLUDE,NO_PHASE_COMPARISON,screeners_agreed
PMID:38679788,EXCLUDE,NOT_PRIMARY,screeners_agreed
PMID:38450050,EXCLUDE,OFF_TOPIC,screeners_agreed
PMID:38360611,EXCLUDE,NOT_PRIMARY,screeners_agreed
PMID:38315812,EXCLUDE,OFF_TOPIC,screeners_agreed
PMID:38245761,EXCLUDE,NO_PHASE_COMPARISON,screeners_agreed
PMID:38229476,EXCLUDE,NOT_PRIMARY,screeners_agreed
PMID:41577468,EXCLUDE,NO_PHASE_COMPARISON,screeners_agreed
PMID:37669004,EXCLUDE,NO_PHASE_COMPARISON,screeners_agreed
PMID:37584928,EXCLUDE,NO_PHASE_COMPARISON,screeners_agreed
PMID:37568063,EXCLUDE,NOT_PRIMARY,screeners_agreed
PMID:37462232,EXCLUDE,NOT_PRIMARY,screeners_agreed
PMID:37405691,EXCLUDE,NO_PHASE_COMPARISON,screeners_agreed
PMID:37333786,EXCLUDE,NOT_PRIMARY,screeners_agreed
PMID:37265016,EXCLUDE,NO_PHASE_COMPARISON,screeners_agreed
PMID:37259058,EXCLUDE,NO_PHASE_COMPARISON,screeners_agreed
PMID:37217826,EXCLUDE,NO_PHASE_COMPARISON,screeners_agreed
PMID:36907946,EXCLUDE,NO_PHASE_COMPARISON,screeners_agreed
PMID:36695232,EXCLUDE,NO_PHASE_COMPARISON,screeners_agreed
PMID:36606389,INCLUDE,,screeners_agreed
PMID:36537685,EXCLUDE,OFF_TOPIC,screeners_agreed
PMID:36099165,EXCLUDE,OFF_TOPIC,screeners_agreed
PMID:35810346,INCLUDE,,screeners_agreed
PMID:35534402,EXCLUDE,NOT_PRIMARY,screeners_agreed
PMID:35081394,EXCLUDE,NOT_HUMAN,screeners_agreed
PMID:34962522,EXCLUDE,NOT_PRIMARY,screeners_agreed
PMID:34929904,EXCLUDE,OFF_TOPIC,screeners_agreed
PMID:34919250,EXCLUDE,NO_PHASE_COMPARISON,screeners_agreed
PMID:34715118,EXCLUDE,NOT_PRIMARY,screeners_agreed
PMID:34559839,EXCLUDE,NOT_PRIMARY,screeners_agreed
PMID:34520248,EXCLUDE,NO_PHASE_COMPARISON,screeners_agreed
PMID:34505184,INCLUDE,,screeners_agreed
PMID:34423850,INCLUDE,,screeners_agreed
PMID:34292855,EXCLUDE,NO_PHASE_COMPARISON,screeners_agreed
PMID:34105603,EXCLUDE,OFF_TOPIC,screeners_agreed
PMID:33655630,INCLUDE,,screeners_agreed
PMID:33638033,EXCLUDE,NOT_PRIMARY,screeners_agreed
PMID:33610422,EXCLUDE,NO_PHASE_COMPARISON,screeners_agreed
PMID:33471379,EXCLUDE,NO_PHASE_COMPARISON,screeners_agreed
PMID:33209157,EXCLUDE,NO_PHASE_COMPARISON,adjudicator
PMID:33042936,EXCLUDE,NOT_PRIMARY,screeners_agreed
PMID:32857168,EXCLUDE,NOT_ENGLISH,screeners_agreed
PMID:32803767,INCLUDE,,screeners_agreed
PMID:32661954,EXCLUDE,NO_PHASE_COMPARISON,screeners_agreed
PMID:32418411,EXCLUDE,NOT_PRIMARY,screeners_agreed
PMID:32204714,EXCLUDE,NOT_PRIMARY,screeners_agreed
PMID:32174224,EXCLUDE,NO_PHASE_COMPARISON,screeners_agreed
PMID:31950432,EXCLUDE,HORMONAL_ONLY,screeners_agreed
PMID:31917455,EXCLUDE,NO_PHASE_COMPARISON,screeners_agreed
PMID:31353538,EXCLUDE,NOT_HUMAN,screeners_agreed
PMID:31339394,EXCLUDE,NO_PHASE_COMPARISON,screeners_agreed
PMID:31165465,EXCLUDE,NO_PHASE_COMPARISON,screeners_agreed
PMID:31080813,EXCLUDE,NO_PHASE_COMPARISON,screeners_agreed
PMID:31073704,EXCLUDE,NOT_PRIMARY,screeners_agreed
PMID:31005950,EXCLUDE,NO_PHASE_COMPARISON,screeners_agreed
PMID:30904911,INCLUDE,,screeners_agreed
PMID:30690191,EXCLUDE,NO_PHASE_COMPARISON,screeners_agreed
PMID:30187872,EXCLUDE,NOT_ENGLISH,screeners_agreed
PMID:30177298,EXCLUDE,NO_PHASE_COMPARISON,screeners_agreed
PMID:30129786,EXCLUDE,OFF_TOPIC,screeners_agreed
PMID:30078462,EXCLUDE,OFF_TOPIC,screeners_agreed
PMID:29231341,EXCLUDE,NOT_ENGLISH,screeners_agreed
PMID:29172411,EXCLUDE,NOT_PRIMARY,screeners_agreed
PMID:29148415,INCLUDE,,screeners_agreed
PMID:28950854,EXCLUDE,NO_PHASE_COMPARISON,adjudicator
PMID:28942695,EXCLUDE,OFF_TOPIC,screeners_agreed
PMID:28850273,EXCLUDE,NOT_PRIMARY,screeners_agreed
PMID:28713996,EXCLUDE,OFF_TOPIC,screeners_agreed
PMID:28623918,EXCLUDE,NO_DATA,screeners_agreed
PMID:28569570,INCLUDE,,screeners_agreed
PMID:28251894,INCLUDE,,screeners_agreed
PMID:28225954,EXCLUDE,NO_PHASE_COMPARISON,screeners_agreed
PMID:28128074,EXCLUDE,NOT_PRIMARY,screeners_agreed
PMID:27840992,EXCLUDE,NO_PHASE_COMPARISON,screeners_agreed
PMID:27829454,EXCLUDE,OFF_TOPIC,screeners_agreed
PMID:27808588,EXCLUDE,NO_PHASE_COMPARISON,screeners_agreed
PMID:27435889,EXCLUDE,NO_PHASE_COMPARISON,screeners_agreed
PMID:27429113,EXCLUDE,NO_PHASE_COMPARISON,screeners_agreed
PMID:27320497,EXCLUDE,NO_PHASE_COMPARISON,screeners_agreed
PMID:27307386,EXCLUDE,NOT_PRIMARY,screeners_agreed
PMID:27294593,EXCLUDE,NOT_PRIMARY,screeners_agreed
PMID:27244814,EXCLUDE,NOT_PRIMARY,screeners_agreed
PMID:27173495,EXCLUDE,NO_PHASE_COMPARISON,screeners_agreed
PMID:27141564,EXCLUDE,NOT_PRIMARY,screeners_agreed
PMID:26765270,EXCLUDE,NO_PHASE_COMPARISON,screeners_agreed
PMID:26703220,EXCLUDE,NO_PHASE_COMPARISON,screeners_agreed
PMID:26617357,EXCLUDE,NOT_PRIMARY,screeners_agreed
PMID:26598450,EXCLUDE,NOT_PRIMARY,screeners_agreed
PMID:26507097,EXCLUDE,NO_PHASE_COMPARISON,screeners_agreed
PMID:26491824,EXCLUDE,NO_PHASE_COMPARISON,screeners_agreed
PMID:26248242,EXCLUDE,NO_PHASE_COMPARISON,screeners_agreed
PMID:26134671,INCLUDE,,screeners_agreed
PMID:26032952,EXCLUDE,OFF_TOPIC,screeners_agreed
PMID:25814168,EXCLUDE,NOT_PRIMARY,screeners_agreed
PMID:25725683,EXCLUDE,OFF_TOPIC,screeners_agreed
PMID:25683236,EXCLUDE,NOT_PRIMARY,screeners_agreed
PMID:25670222,EXCLUDE,NO_PHASE_COMPARISON,screeners_agreed
PMID:25629036,EXCLUDE,NO_PHASE_COMPARISON,screeners_agreed
PMID:25496917,EXCLUDE,HORMONAL_ONLY,screeners_agreed
PMID:25296739,EXCLUDE,NO_PHASE_COMPARISON,screeners_agreed
PMID:25133506,EXCLUDE,NOT_PRIMARY,screeners_agreed
PMID:25085801,EXCLUDE,NO_PHASE_COMPARISON,screeners_agreed
PMID:25056245,EXCLUDE,NOT_PRIMARY,screeners_agreed
PMID:25052966,EXCLUDE,NO_PHASE_COMPARISON,screeners_agreed
PMID:24952024,EXCLUDE,NOT_PRIMARY,screeners_agreed
PMID:24926520,EXCLUDE,NOT_PRIMARY,screeners_agreed
PMID:24814528,EXCLUDE,NO_PHASE_COMPARISON,screeners_agreed
PMID:24606085,EXCLUDE,NO_PHASE_COMPARISON,screeners_agreed
PMID:24520755,EXCLUDE,NO_PHASE_COMPARISON,screeners_agreed
PMID:24447981,EXCLUDE,NO_PHASE_COMPARISON,screeners_agreed
PMID:24328568,EXCLUDE,NO_PHASE_COMPARISON,screeners_agreed
PMID:24222096,EXCLUDE,OFF_TOPIC,screeners_agreed
PMID:24199187,EXCLUDE,NOT_PRIMARY,screeners_agreed
PMID:23991603,INCLUDE,,screeners_agreed
PMID:23947827,EXCLUDE,NO_PHASE_COMPARISON,screeners_agreed
PMID:23697264,EXCLUDE,NO_PHASE_COMPARISON,screeners_agreed
PMID:23633314,EXCLUDE,NOT_PRIMARY,screeners_agreed
PMID:23582301,EXCLUDE,NO_PHASE_COMPARISON,screeners_agreed
PMID:23551372,EXCLUDE,NOT_PRIMARY,screeners_agreed
PMID:23390843,EXCLUDE,NO_PHASE_COMPARISON,screeners_agreed
PMID:23108387,EXCLUDE,NO_PHASE_COMPARISON,screeners_agreed
PMID:23066115,EXCLUDE,OFF_TOPIC,screeners_agreed
PMID:22950535,EXCLUDE,NOT_PRIMARY,screeners_agreed
PMID:22744623,EXCLUDE,NO_PHASE_COMPARISON,screeners_agreed
PMID:22648217,EXCLUDE,NOT_PRIMARY,screeners_agreed
PMID:22565434,INCLUDE,,screeners_agreed
PMID:22499220,EXCLUDE,NOT_PRIMARY,screeners_agreed
PMID:22386050,EXCLUDE,NO_PHASE_COMPARISON,screeners_agreed
PMID:22314456,EXCLUDE,NO_PHASE_COMPARISON,screeners_agreed
PMID:22173824,EXCLUDE,NO_PHASE_COMPARISON,screeners_agreed
PMID:22171769,EXCLUDE,NOT_PRIMARY,screeners_agreed
PMID:22153789,EXCLUDE,NOT_PRIMARY,screeners_agreed
PMID:22147920,EXCLUDE,NOT_PRIMARY,screeners_agreed
PMID:22060223,EXCLUDE,NOT_PRIMARY,screeners_agreed
PMID:21995590,EXCLUDE,HORMONAL_ONLY,screeners_agreed
PMID:21961824,EXCLUDE,NOT_PRIMARY,screeners_agreed
PMID:21920195,EXCLUDE,HORMONAL_ONLY,screeners_agreed
PMID:21877996,EXCLUDE,NOT_PRIMARY,screeners_agreed
PMID:21722894,EXCLUDE,NO_PHASE_COMPARISON,screeners_agreed
PMID:21454179,EXCLUDE,NOT_ENGLISH,screeners_agreed
PMID:21308158,EXCLUDE,OFF_TOPIC,screeners_agreed
PMID:21155614,EXCLUDE,HORMONAL_ONLY,screeners_agreed
PMID:21115506,EXCLUDE,NO_PHASE_COMPARISON,screeners_agreed
PMID:20946686,EXCLUDE,NO_PHASE_COMPARISON,screeners_agreed
PMID:20943753,EXCLUDE,NO_PHASE_COMPARISON,screeners_agreed
PMID:20880492,EXCLUDE,NO_PHASE_COMPARISON,screeners_agreed
PMID:20874438,INCLUDE,,adjudicator
PMID:20807258,EXCLUDE,NOT_PRIMARY,screeners_agreed
PMID:20629827,INCLUDE,,screeners_agreed
PMID:20595950,EXCLUDE,NOT_ENGLISH,screeners_agreed
PMID:20472117,EXCLUDE,HORMONAL_ONLY,screeners_agreed
PMID:20394455,EXCLUDE,NOT_PRIMARY,screeners_agreed
PMID:20384388,EXCLUDE,HORMONAL_ONLY,screeners_agreed
PMID:21702291,EXCLUDE,OFF_TOPIC,screeners_agreed
PMID:19922634,EXCLUDE,HORMONAL_ONLY,screeners_agreed
PMID:19903032,EXCLUDE,NO_PHASE_COMPARISON,screeners_agreed
PMID:19757697,INCLUDE,,screeners_agreed
PMID:19610519,EXCLUDE,OFF_TOPIC,screeners_agreed
PMID:19513939,EXCLUDE,HORMONAL_ONLY,screeners_agreed
PMID:19439880,INCLUDE,,screeners_agreed
PMID:19352226,EXCLUDE,NO_PHASE_COMPARISON,adjudicator
PMID:19340667,EXCLUDE,NO_PHASE_COMPARISON,screeners_agreed
PMID:19282841,INCLUDE,,screeners_agreed
PMID:19147411,EXCLUDE,NOT_PRIMARY,screeners_agreed
PMID:19099613,EXCLUDE,NOT_PRIMARY,screeners_agreed
PMID:19004402,EXCLUDE,NO_PHASE_COMPARISON,screeners_agreed
PMID:18980763,EXCLUDE,NO_PHASE_COMPARISON,screeners_agreed
PMID:18980044,EXCLUDE,NOT_PRIMARY,screeners_agreed
PMID:18710356,EXCLUDE,NOT_PRIMARY,screeners_agreed
PMID:18657769,EXCLUDE,OFF_TOPIC,screeners_agreed
PMID:18639784,EXCLUDE,NO_PHASE_COMPARISON,screeners_agreed
PMID:18635183,EXCLUDE,NO_PHASE_COMPARISON,screeners_agreed
PMID:18389090,EXCLUDE,NOT_PRIMARY,screeners_agreed
PMID:18342858,EXCLUDE,NO_PHASE_COMPARISON,screeners_agreed
PMID:18329241,EXCLUDE,NOT_ENGLISH,screeners_agreed
PMID:17982334,EXCLUDE,NOT_PRIMARY,screeners_agreed
PMID:17963857,EXCLUDE,HORMONAL_ONLY,screeners_agreed
PMID:17931445,INCLUDE,,screeners_agreed
PMID:17923832,EXCLUDE,NOT_ENGLISH,screeners_agreed
PMID:17763263,EXCLUDE,HORMONAL_ONLY,screeners_agreed
PMID:17688623,EXCLUDE,HORMONAL_ONLY,screeners_agreed
PMID:17683173,EXCLUDE,NOT_PRIMARY,screeners_agreed
PMID:17656175,EXCLUDE,HORMONAL_ONLY,screeners_agreed
PMID:17592439,EXCLUDE,NOT_PRIMARY,screeners_agreed
PMID:17472544,EXCLUDE,NOT_PRIMARY,screeners_agreed
PMID:17462645,EXCLUDE,NO_PHASE_COMPARISON,screeners_agreed
PMID:17454455,EXCLUDE,NOT_PRIMARY,screeners_agreed
PMID:17333831,INCLUDE,,screeners_agreed
PMID:17062047,EXCLUDE,NO_PHASE_COMPARISON,screeners_agreed
PMID:17034515,INCLUDE,,screeners_agreed
PMID:17033192,EXCLUDE,UNOBTAINABLE,adjudicator
PMID:16850674,EXCLUDE,HORMONAL_ONLY,screeners_agreed
PMID:16850673,EXCLUDE,HORMONAL_ONLY,screeners_agreed
PMID:16831357,EXCLUDE,NOT_ENGLISH,screeners_agreed
PMID:16785260,EXCLUDE,NO_PHASE_COMPARISON,screeners_agreed
PMID:16643133,INCLUDE,,screeners_agreed
PMID:16633984,EXCLUDE,NOT_PRIMARY,screeners_agreed
PMID:16600228,EXCLUDE,OFF_TOPIC,screeners_agreed
PMID:16448626,EXCLUDE,NO_PHASE_COMPARISON,screeners_agreed
PMID:16410982,EXCLUDE,NOT_ENGLISH,screeners_agreed
PMID:16322391,EXCLUDE,NO_PHASE_COMPARISON,screeners_agreed
PMID:16310054,EXCLUDE,OFF_TOPIC,screeners_agreed
PMID:16258697,INCLUDE,,screeners_agreed
PMID:16208476,EXCLUDE,NOT_PRIMARY,screeners_agreed
PMID:16136889,EXCLUDE,NOT_ENGLISH,screeners_agreed
PMID:15897103,EXCLUDE,HORMONAL_ONLY,screeners_agreed
PMID:15871554,EXCLUDE,NOT_PRIMARY,screeners_agreed
PMID:15854630,EXCLUDE,HORMONAL_ONLY,screeners_agreed
PMID:15838095,EXCLUDE,NOT_PRIMARY,screeners_agreed
PMID:15783241,EXCLUDE,NOT_PRIMARY,screeners_agreed
PMID:15548396,EXCLUDE,NO_PHASE_COMPARISON,screeners_agreed
PMID:15523185,EXCLUDE,NO_PHASE_COMPARISON,screeners_agreed
PMID:15518435,EXCLUDE,NOT_ENGLISH,screeners_agreed
PMID:15451331,EXCLUDE,HORMONAL_ONLY,screeners_agreed
PMID:15222920,EXCLUDE,NO_PHASE_COMPARISON,screeners_agreed
PMID:15202836,EXCLUDE,NO_PHASE_COMPARISON,screeners_agreed
PMID:15157791,EXCLUDE,HORMONAL_ONLY,screeners_agreed
PMID:15134826,EXCLUDE,NOT_PRIMARY,screeners_agreed
PMID:15098889,EXCLUDE,NO_PHASE_COMPARISON,screeners_agreed
PMID:15096370,INCLUDE,,screeners_agreed
PMID:14746946,EXCLUDE,NOT_PRIMARY,screeners_agreed
PMID:14680788,EXCLUDE,NOT_ENGLISH,screeners_agreed
PMID:14593553,EXCLUDE,NOT_PRIMARY,screeners_agreed
PMID:14570747,EXCLUDE,NOT_PRIMARY,screeners_agreed
PMID:12861090,EXCLUDE,NOT_PRIMARY,screeners_agreed
PMID:12843184,EXCLUDE,NO_PHASE_COMPARISON,screeners_agreed
PMID:12786872,INCLUDE,,screeners_agreed
PMID:12724019,EXCLUDE,NO_PHASE_COMPARISON,screeners_agreed
PMID:12659405,EXCLUDE,NOT_PRIMARY,screeners_agreed
PMID:12659404,EXCLUDE,HORMONAL_ONLY,screeners_agreed
PMID:12497673,EXCLUDE,NOT_PRIMARY,screeners_agreed
PMID:12408423,EXCLUDE,NOT_PRIMARY,screeners_agreed
PMID:12374586,EXCLUDE,NO_PHASE_COMPARISON,screeners_agreed
PMID:12151433,EXCLUDE,NO_PHASE_COMPARISON,screeners_agreed
PMID:12112958,EXCLUDE,NOT_PRIMARY,screeners_agreed
PMID:12072067,EXCLUDE,NO_PHASE_COMPARISON,screeners_agreed
PMID:12066088,EXCLUDE,HORMONAL_ONLY,screeners_agreed
PMID:11937954,EXCLUDE,NOT_ENGLISH,screeners_agreed
PMID:11875860,EXCLUDE,NOT_ENGLISH,screeners_agreed
PMID:11843213,INCLUDE,,screeners_agreed
PMID:11720881,EXCLUDE,OFF_TOPIC,screeners_agreed
PMID:11712049,INCLUDE,,screeners_agreed
PMID:11705091,EXCLUDE,NOT_PRIMARY,screeners_agreed
PMID:11686547,EXCLUDE,NOT_PRIMARY,screeners_agreed
PMID:11559453,EXCLUDE,HORMONAL_ONLY,screeners_agreed
PMID:11524631,EXCLUDE,NO_PHASE_COMPARISON,screeners_agreed
PMID:11518448,EXCLUDE,HORMONAL_ONLY,screeners_agreed
PMID:11437938,EXCLUDE,NOT_PRIMARY,screeners_agreed
PMID:11319503,EXCLUDE,NOT_ENGLISH,screeners_agreed
PMID:11296811,EXCLUDE,NO_PHASE_COMPARISON,screeners_agreed
PMID:11214820,EXCLUDE,NO_PHASE_COMPARISON,screeners_agreed
PMID:11157995,EXCLUDE,NO_PHASE_COMPARISON,screeners_agreed
PMID:11012575,EXCLUDE,NO_PHASE_COMPARISON,screeners_agreed
PMID:10953475,EXCLUDE,NOT_ENGLISH,screeners_agreed
PMID:10951152,EXCLUDE,NO_PHASE_COMPARISON,screeners_agreed
PMID:10856473,EXCLUDE,NO_PHASE_COMPARISON,screeners_agreed
PMID:10849121,EXCLUDE,NOT_PRIMARY,screeners_agreed
PMID:10836660,EXCLUDE,HORMONAL_ONLY,screeners_agreed
PMID:10568063,EXCLUDE,NOT_ENGLISH,screeners_agreed
PMID:10389477,EXCLUDE,NOT_ENGLISH,screeners_agreed
PMID:10342094,EXCLUDE,NOT_PRIMARY,screeners_agreed
PMID:9859526,EXCLUDE,NOT_ENGLISH,screeners_agreed
PMID:9853201,EXCLUDE,HORMONAL_ONLY,screeners_agreed
PMID:9828903,EXCLUDE,OFF_TOPIC,screeners_agreed
PMID:9808377,EXCLUDE,NO_PHASE_COMPARISON,screeners_agreed
PMID:9770851,EXCLUDE,NOT_ENGLISH,screeners_agreed
PMID:9757871,EXCLUDE,OFF_TOPIC,screeners_agreed
PMID:9756306,EXCLUDE,NO_PHASE_COMPARISON,screeners_agreed
PMID:9700865,EXCLUDE,NOT_ENGLISH,screeners_agreed
PMID:9678075,EXCLUDE,NOT_PRIMARY,screeners_agreed
PMID:9427077,EXCLUDE,NO_PHASE_COMPARISON,screeners_agreed
PMID:9300120,EXCLUDE,NO_PHASE_COMPARISON,adjudicator
PMID:9293656,EXCLUDE,NOT_PRIMARY,screeners_agreed
PMID:9179451,EXCLUDE,HORMONAL_ONLY,screeners_agreed
PMID:9076430,EXCLUDE,NO_PHASE_COMPARISON,adjudicator
PMID:9174754,EXCLUDE,HORMONAL_ONLY,screeners_agreed
PMID:8972251,EXCLUDE,OFF_TOPIC,screeners_agreed
PMID:9678128,EXCLUDE,HORMONAL_ONLY,screeners_agreed
PMID:9045216,EXCLUDE,NOT_ENGLISH,screeners_agreed
PMID:8920351,EXCLUDE,NOT_PRIMARY,screeners_agreed
PMID:8896947,EXCLUDE,NOT_PRIMARY,screeners_agreed
PMID:8884544,EXCLUDE,OFF_TOPIC,screeners_agreed
PMID:8763424,INCLUDE,,screeners_agreed
PMID:8689882,EXCLUDE,HORMONAL_ONLY,screeners_agreed
PMID:8674802,INCLUDE,,screeners_agreed
PMID:8631187,EXCLUDE,HORMONAL_ONLY,screeners_agreed
PMID:8715078,EXCLUDE,NOT_ENGLISH,screeners_agreed
PMID:7593420,EXCLUDE,OFF_TOPIC,screeners_agreed
PMID:8682343,EXCLUDE,NOT_ENGLISH,screeners_agreed
PMID:7581961,EXCLUDE,OFF_TOPIC,screeners_agreed
PMID:7577850,EXCLUDE,OFF_TOPIC,screeners_agreed
PMID:8521763,EXCLUDE,NOT_PRIMARY,screeners_agreed
PMID:8520092,EXCLUDE,NOT_PRIMARY,screeners_agreed
PMID:7662688,EXCLUDE,HORMONAL_ONLY,screeners_agreed
PMID:7662687,EXCLUDE,HORMONAL_ONLY,screeners_agreed
PMID:7796588,EXCLUDE,HORMONAL_ONLY,screeners_agreed
PMID:7845497,EXCLUDE,NOT_ENGLISH,screeners_agreed
PMID:8574256,EXCLUDE,HORMONAL_ONLY,screeners_agreed
PMID:7988017,EXCLUDE,NO_PHASE_COMPARISON,screeners_agreed
PMID:8719015,EXCLUDE,NOT_ENGLISH,screeners_agreed
PMID:7708536,EXCLUDE,NOT_ENGLISH,screeners_agreed
PMID:7844209,EXCLUDE,NOT_PRIMARY,screeners_agreed
PMID:7483621,EXCLUDE,NOT_ENGLISH,screeners_agreed
PMID:7811185,EXCLUDE,NOT_PRIMARY,screeners_agreed
PMID:7927560,EXCLUDE,NO_PHASE_COMPARISON,screeners_agreed
PMID:7808889,EXCLUDE,OFF_TOPIC,screeners_agreed
PMID:8042462,EXCLUDE,NO_PHASE_COMPARISON,adjudicator
PMID:8178905,EXCLUDE,NOT_PRIMARY,screeners_agreed
PMID:8005508,EXCLUDE,NOT_ENGLISH,screeners_agreed
PMID:8144280,EXCLUDE,OFF_TOPIC,screeners_agreed
PMID:8222658,EXCLUDE,HORMONAL_ONLY,screeners_agreed
PMID:8370128,EXCLUDE,NO_PHASE_COMPARISON,screeners_agreed
PMID:8506067,EXCLUDE,NOT_ENGLISH,screeners_agreed
PMID:8483013,EXCLUDE,NOT_PRIMARY,screeners_agreed
PMID:8447356,EXCLUDE,NOT_PRIMARY,screeners_agreed
PMID:8449019,EXCLUDE,HORMONAL_ONLY,screeners_agreed
PMID:8260969,EXCLUDE,NOT_PRIMARY,screeners_agreed
PMID:1437913,EXCLUDE,NOT_PRIMARY,screeners_agreed
PMID:1493683,INCLUDE,,screeners_agreed
PMID:1564678,EXCLUDE,HORMONAL_ONLY,screeners_agreed
PMID:1636360,EXCLUDE,NOT_PRIMARY,adjudicator
PMID:1438600,EXCLUDE,NOT_ENGLISH,screeners_agreed
PMID:1834727,EXCLUDE,OFF_TOPIC,screeners_agreed
PMID:1658321,EXCLUDE,NO_PHASE_COMPARISON,screeners_agreed
PMID:1904568,EXCLUDE,OFF_TOPIC,screeners_agreed
PMID:1831118,EXCLUDE,NO_PHASE_COMPARISON,adjudicator
PMID:1679000,INCLUDE,,screeners_agreed
PMID:2033132,INCLUDE,,screeners_agreed
PMID:1826278,EXCLUDE,NO_PHASE_COMPARISON,screeners_agreed
PMID:1863941,EXCLUDE,HORMONAL_ONLY,screeners_agreed
PMID:1916521,EXCLUDE,NOT_ENGLISH,screeners_agreed
PMID:1884855,INCLUDE,,screeners_agreed
PMID:1837655,EXCLUDE,HORMONAL_ONLY,screeners_agreed
PMID:1746207,EXCLUDE,UNOBTAINABLE,adjudicator
PMID:2151406,EXCLUDE,NOT_ENGLISH,screeners_agreed
PMID:2151388,EXCLUDE,NO_PHASE_COMPARISON,screeners_agreed
PMID:2150581,EXCLUDE,HORMONAL_ONLY,screeners_agreed
PMID:2096480,EXCLUDE,NOT_ENGLISH,screeners_agreed
PMID:2289388,EXCLUDE,HORMONAL_ONLY,screeners_agreed
PMID:2150795,EXCLUDE,HORMONAL_ONLY,screeners_agreed
PMID:2142494,EXCLUDE,HORMONAL_ONLY,screeners_agreed
PMID:2147009,EXCLUDE,NO_PHASE_COMPARISON,screeners_agreed
PMID:2139596,EXCLUDE,NO_PHASE_COMPARISON,screeners_agreed
PMID:2516704,EXCLUDE,NO_PHASE_COMPARISON,screeners_agreed
PMID:2660092,EXCLUDE,NOT_PRIMARY,screeners_agreed
PMID:2531968,EXCLUDE,HORMONAL_ONLY,screeners_agreed
PMID:2523321,EXCLUDE,OFF_TOPIC,screeners_agreed
PMID:2527144,EXCLUDE,NO_PHASE_COMPARISON,screeners_agreed
PMID:3219545,INCLUDE,,screeners_agreed
PMID:3075505,EXCLUDE,HORMONAL_ONLY,screeners_agreed
PMID:2976224,EXCLUDE,HORMONAL_ONLY,screeners_agreed
PMID:2976617,EXCLUDE,NO_PHASE_COMPARISON,screeners_agreed
PMID:3657814,EXCLUDE,NOT_ENGLISH,screeners_agreed
PMID:3656299,EXCLUDE,HORMONAL_ONLY,screeners_agreed
PMID:2959494,EXCLUDE,NO_PHASE_COMPARISON,screeners_agreed
PMID:2956138,EXCLUDE,HORMONAL_ONLY,screeners_agreed
PMID:3594595,EXCLUDE,NOT_ENGLISH,screeners_agreed
PMID:3822267,EXCLUDE,NOT_PRIMARY,screeners_agreed
PMID:2960493,EXCLUDE,HORMONAL_ONLY,screeners_agreed
PMID:2959330,EXCLUDE,NOT_ENGLISH,screeners_agreed
PMID:3096784,EXCLUDE,NO_PHASE_COMPARISON,screeners_agreed
PMID:2948866,EXCLUDE,NOT_ENGLISH,screeners_agreed
PMID:3093307,EXCLUDE,NOT_ENGLISH,screeners_agreed
PMID:3007557,EXCLUDE,NO_PHASE_COMPARISON,screeners_agreed
PMID:2942800,EXCLUDE,NOT_ENGLISH,screeners_agreed
PMID:2941191,EXCLUDE,NOT_PRIMARY,screeners_agreed
PMID:2936421,INCLUDE,,screeners_agreed
PMID:2941960,EXCLUDE,NO_PHASE_COMPARISON,screeners_agreed
PMID:2941932,EXCLUDE,NOT_ENGLISH,screeners_agreed
PMID:3853920,EXCLUDE,NOT_ENGLISH,screeners_agreed
PMID:2931274,EXCLUDE,NO_PHASE_COMPARISON,screeners_agreed
PMID:4044506,EXCLUDE,OFF_TOPIC,screeners_agreed
PMID:3855123,EXCLUDE,HORMONAL_ONLY,screeners_agreed
PMID:3157562,INCLUDE,,screeners_agreed
PMID:3156458,EXCLUDE,NOT_ENGLISH,screeners_agreed
PMID:2939676,EXCLUDE,NO_PHASE_COMPARISON,screeners_agreed
PMID:6570117,EXCLUDE,NOT_ENGLISH,screeners_agreed
PMID:6237195,EXCLUDE,NOT_PRIMARY,screeners_agreed
PMID:6236316,EXCLUDE,NOT_ENGLISH,screeners_agreed
PMID:6350956,EXCLUDE,OFF_TOPIC,screeners_agreed
PMID:6227148,EXCLUDE,NOT_ENGLISH,screeners_agreed
PMID:6350580,EXCLUDE,OFF_TOPIC,screeners_agreed
PMID:6223780,EXCLUDE,NOT_ENGLISH,screeners_agreed
PMID:6349925,EXCLUDE,HORMONAL_ONLY,screeners_agreed
PMID:6403705,EXCLUDE,HORMONAL_ONLY,screeners_agreed
PMID:6140231,EXCLUDE,NOT_PRIMARY,screeners_agreed
PMID:6809420,EXCLUDE,HORMONAL_ONLY,screeners_agreed
PMID:6451638,EXCLUDE,NO_PHASE_COMPARISON,screeners_agreed
PMID:6249834,EXCLUDE,OFF_TOPIC,screeners_agreed
PMID:6448429,EXCLUDE,OFF_TOPIC,screeners_agreed
PMID:6299908,EXCLUDE,NOT_ENGLISH,screeners_agreed
PMID:7001504,EXCLUDE,NOT_PRIMARY,screeners_agreed
PMID:527342,EXCLUDE,HORMONAL_ONLY,screeners_agreed
PMID:503375,EXCLUDE,HORMONAL_ONLY,screeners_agreed
PMID:160860,EXCLUDE,HORMONAL_ONLY,screeners_agreed
PMID:488426,EXCLUDE,NO_PHASE_COMPARISON,screeners_agreed
PMID:385243,EXCLUDE,HORMONAL_ONLY,screeners_agreed
PMID:395521,EXCLUDE,OFF_TOPIC,screeners_agreed
PMID:720065,EXCLUDE,HORMONAL_ONLY,screeners_agreed
PMID:148876,EXCLUDE,HORMONAL_ONLY,screeners_agreed
PMID:839194,EXCLUDE,HORMONAL_ONLY,screeners_agreed
PMID:966242,EXCLUDE,HORMONAL_ONLY,screeners_agreed
PMID:1100993,EXCLUDE,NOT_ENGLISH,screeners_agreed
PMID:126335,EXCLUDE,HORMONAL_ONLY,screeners_agreed
PMID:1149175,EXCLUDE,NOT_ENGLISH,screeners_agreed
PMID:124763,EXCLUDE,UNOBTAINABLE,adjudicator
PMID:125605,EXCLUDE,NO_PHASE_COMPARISON,screeners_agreed
PMID:4278647,EXCLUDE,NOT_PRIMARY,screeners_agreed
PMID:4277158,EXCLUDE,NOT_ENGLISH,screeners_agreed
PMID:4274137,EXCLUDE,OFF_TOPIC,screeners_agreed
PMID:4274248,EXCLUDE,HORMONAL_ONLY,screeners_agreed
PMID:4208342,EXCLUDE,HORMONAL_ONLY,screeners_agreed
PMID:4361984,EXCLUDE,NOT_PRIMARY,screeners_agreed
PMID:4274918,EXCLUDE,NOT_ENGLISH,screeners_agreed
PMID:4127313,EXCLUDE,UNOBTAINABLE,adjudicator
PMID:4268726,EXCLUDE,NOT_ENGLISH,screeners_agreed
PMID:4695502,EXCLUDE,HORMONAL_ONLY,screeners_agreed
PMID:4120962,INCLUDE,,adjudicator
PMID:5077864,EXCLUDE,NO_PHASE_COMPARISON,adjudicator
PMID:4263090,EXCLUDE,NOT_ENGLISH,screeners_agreed
PMID:4260588,EXCLUDE,NO_PHASE_COMPARISON,screeners_agreed
PMID:4257912,EXCLUDE,NO_PHASE_COMPARISON,adjudicator
PMID:4254837,EXCLUDE,NOT_ENGLISH,screeners_agreed
PMID:5122021,EXCLUDE,NOT_ENGLISH,screeners_agreed
PMID:4255649,EXCLUDE,NO_PHASE_COMPARISON,screeners_agreed
PMID:4251532,EXCLUDE,NOT_ENGLISH,screeners_agreed
PMID:4269416,EXCLUDE,NOT_ENGLISH,screeners_agreed
PMID:4185512,EXCLUDE,NOT_ENGLISH,screeners_agreed
PMID:5746250,EXCLUDE,NOT_ENGLISH,screeners_agreed
PMID:4224294,EXCLUDE,NOT_ENGLISH,screeners_agreed
PMID:4228422,EXCLUDE,NOT_ENGLISH,screeners_agreed
PMID:4223498,EXCLUDE,NOT_ENGLISH,screeners_agreed
PMID:4220521,EXCLUDE,NOT_ENGLISH,screeners_agreed
PMID:14257990,EXCLUDE,NOT_ENGLISH,screeners_agreed
PMID:14286079,EXCLUDE,UNOBTAINABLE,adjudicator
PMID:14317718,EXCLUDE,UNOBTAINABLE,adjudicator
PMID:14167339,EXCLUDE,HORMONAL_ONLY,screeners_agreed
PMID:14158432,EXCLUDE,NOT_ENGLISH,screeners_agreed
PMID:14184309,EXCLUDE,NOT_ENGLISH,screeners_agreed
PMID:14108372,EXCLUDE,NOT_ENGLISH,screeners_agreed
PMID:14082371,EXCLUDE,NOT_ENGLISH,screeners_agreed
PMID:14155878,EXCLUDE,NOT_ENGLISH,screeners_agreed
PMID:13725673,EXCLUDE,UNOBTAINABLE,adjudicator
PMID:13582195,EXCLUDE,NO_PHASE_COMPARISON,adjudicator
PMID:13137606,EXCLUDE,UNOBTAINABLE,adjudicator
NCT03122457,EXCLUDE,NO_PHASE_COMPARISON,screeners_agreed
NCT06018168,EXCLUDE,NO_PHASE_COMPARISON,screeners_agreed
PMID:39776723,EXCLUDE,NOT_PRIMARY,screeners_agreed
PMID:39931829,EXCLUDE,NO_PHASE_COMPARISON,screeners_agreed
PMID:32549185,INCLUDE,,screeners_agreed
PMID:2572112,INCLUDE,,screeners_agreed
PMID:24301233,INCLUDE,,screeners_agreed
PMID:26273846,EXCLUDE,UNOBTAINABLE,adjudicator
PMID:17204039,INCLUDE,,screeners_agreed
PMID:25161758,INCLUDE,,screeners_agreed
DOI:10.4274/turkderm.galenos.2020.35683,INCLUDE,,adjudicator
