"id","decision","reason","notes"
"PMID:42356139","EXCLUDE","OFF_TOPIC","JAK inhibitor dosing in atopic dermatitis"
"PMID:42312792","EXCLUDE","NOT_PRIMARY","Review of pediatric hormonal acne therapy"
"PMID:42192555","INCLUDE","","Facial skin microbiota, menstrual vs intermenstrual sampling; regular and irregular cycles"
"PMID:42057055","EXCLUDE","NO_PHASE_COMPARISON","PCOS, POF, endometriosis characterisation"
"PMID:41723577","EXCLUDE","NOT_PRIMARY","Review of combined oral contraceptives"
"PMID:41447583","EXCLUDE","OFF_TOPIC","Isotretinoin pharmacovigilance"
"PMID:41349421","EXCLUDE","OFF_TOPIC","Vagus nerve stimulation in epilepsy"
"PMID:41051345","EXCLUDE","NOT_PRIMARY","Review of estroprogestins in PCOS"
"PMID:41024536","EXCLUDE","NO_PHASE_COMPARISON","PCOS phenotypes"
"PMID:40990961","EXCLUDE","NOT_PRIMARY","Narrative review of catamenial dermatology; mine references"
"PMID:40878147","INCLUDE","","Facial sebum composition across follicular, ovulation, early and late luteal phases"
"PMID:40825691","EXCLUDE","NOT_ENGLISH","Chinese"
"PMID:40721762","INCLUDE","","Student PMS survey; premenstrual acne flare-ups in 40%; borderline"
"PMID:40660246","EXCLUDE","NO_PHASE_COMPARISON","PCOS individual participant data harmonisation"
"PMID:40620141","INCLUDE","","PMDD survey; premenstrual acne among somatic symptoms analysed; borderline"
"PMID:40583043","INCLUDE","","TEWL and hydration, ovulatory vs mid-luteal phase"
"PMID:40305797","EXCLUDE","NO_PHASE_COMPARISON","PCOS biochemical markers"
"PMID:40164172","EXCLUDE","HORMONAL_ONLY","OC study protocol"
"PMID:39895044","EXCLUDE","NO_PHASE_COMPARISON","PCOS case report"
"PMID:39798662","EXCLUDE","NO_PHASE_COMPARISON","Prenatal PFAS and offspring PCOS"
"PMID:41768199","EXCLUDE","NO_PHASE_COMPARISON","PCOS vs normal ovaries"
"PMID:39633341","EXCLUDE","NO_PHASE_COMPARISON","Adolescent lifestyle program trial"
"PMID:39331347","EXCLUDE","NOT_PRIMARY","Meta-analysis of metformin plus inositol"
"PMID:39319606","INCLUDE","","Premenstrual disorder survey; acne/oily skin most prevalent premenstrual physical symptom; borderline"
"PMID:39254585","EXCLUDE","NO_PHASE_COMPARISON","PCOS clinical patterns"
"PMID:39177615","EXCLUDE","OFF_TOPIC","PCOS ultrasound image classification"
"PMID:39051650","EXCLUDE","OFF_TOPIC","Danazol menstrual suppression in transgender patients"
"PMID:38793015","EXCLUDE","NO_PHASE_COMPARISON","Isotretinoin effects on menstrual cycle"
"PMID:38702411","EXCLUDE","NO_PHASE_COMPARISON","Period-app symptom logs by age; acne timing not in abstract"
"PMID:38679788","EXCLUDE","NOT_PRIMARY","Review of autophagy genes in PCOS"
"PMID:38450050","EXCLUDE","HORMONAL_ONLY","Protocol, dydrogesterone vs COC for ovarian cysts"
"PMID:38360611","EXCLUDE","NOT_PRIMARY","Systematic review of evening primrose oil"
"PMID:38315812","EXCLUDE","OFF_TOPIC","Suicide risk in PMDD"
"PMID:38245761","EXCLUDE","NO_PHASE_COMPARISON","Isotretinoin in PCOS acne"
"PMID:38229476","EXCLUDE","NOT_PRIMARY","Review of polyphenols in PCOS"
"PMID:41577468","EXCLUDE","NO_PHASE_COMPARISON","PCOS pharmacotherapy evaluation"
"PMID:37669004","EXCLUDE","NO_PHASE_COMPARISON","PCOS care satisfaction survey"
"PMID:37584928","EXCLUDE","NO_PHASE_COMPARISON","Ovarian morphology in acne/alopecia"
"PMID:37568063","EXCLUDE","NOT_PRIMARY","Meta-analysis of resveratrol in PCOS"
"PMID:37462232","EXCLUDE","NOT_PRIMARY","Cochrane review of statins in PCOS"
"PMID:37405691","EXCLUDE","NO_PHASE_COMPARISON","Qualitative PCOS military study"
"PMID:37333786","EXCLUDE","NOT_PRIMARY","Meta-analysis of resveratrol in PCOS"
"PMID:37265016","EXCLUDE","NO_PHASE_COMPARISON","PCOS inositol/metformin trial"
"PMID:37259058","EXCLUDE","NO_PHASE_COMPARISON","Regular vs irregular cycles, not phases; facial barrier and microbiome"
"PMID:37217826","EXCLUDE","NO_PHASE_COMPARISON","PCOS phenotypes"
"PMID:36907946","EXCLUDE","NO_PHASE_COMPARISON","PCOS quality of life questionnaire"
"PMID:36695232","EXCLUDE","NO_PHASE_COMPARISON","PCOS hormonal parameters"
"PMID:36606389","INCLUDE","","Adult female acne; premenstrual flare-up history in 50%"
"PMID:36537685","EXCLUDE","OFF_TOPIC","Pustulosis case report"
"PMID:36099165","EXCLUDE","NO_PHASE_COMPARISON","Maternal PCOS and puberty"
"PMID:35810346","INCLUDE","","Acne-prone facial TEWL, sebum, hydration, pores and microbiome across cycle phases"
"PMID:35534402","EXCLUDE","NOT_PRIMARY","Review of PMS/PMDD"
"PMID:35081394","EXCLUDE","NOT_HUMAN","In vitro epidermis model with phase-like hormone ratios"
"PMID:34962522","EXCLUDE","NOT_PRIMARY","Review of contraception"
"PMID:34929904","EXCLUDE","NO_PHASE_COMPARISON","Estrogen levels and PMS"
"PMID:34919250","EXCLUDE","NO_PHASE_COMPARISON","PCOS teen treatment (retracted)"
"PMID:34715118","EXCLUDE","NOT_PRIMARY","Review of OC and energy balance"
"PMID:34559839","EXCLUDE","NOT_PRIMARY","Systematic review of reusable menstrual pads"
"PMID:34520248","EXCLUDE","NO_PHASE_COMPARISON","Hirsutism prevalence"
"PMID:34505184","INCLUDE","","Adult female acne survey documenting premenstrual flare; figure not in abstract"
"PMID:34423850","INCLUDE","","Adult female acne; premenstrual aggravation in 72.6%"
"PMID:34292855","EXCLUDE","NO_PHASE_COMPARISON","BMI and PCOS features"
"PMID:34105603","EXCLUDE","OFF_TOPIC","Voice in PCOS"
"PMID:33655630","INCLUDE","","Adult acne series; premenstrual flare in 61.9% of women"
"PMID:33638033","EXCLUDE","NOT_PRIMARY","Review of TEWL variability incl. menstrual cycle; mine references"
"PMID:33610422","EXCLUDE","NO_PHASE_COMPARISON","PCOS resveratrol trial"
"PMID:33471379","EXCLUDE","NO_PHASE_COMPARISON","Acne comorbidities incl. PMS; no phase comparison"
"PMID:33209157","INCLUDE","","Student survey; acne/pimples reported as premenstrual symptom by 39%; borderline"
"PMID:33042936","EXCLUDE","NOT_PRIMARY","Review of acne influencing factors"
"PMID:32857168","EXCLUDE","NOT_ENGLISH","German review"
"PMID:32803767","INCLUDE","","Vulval acne case series; 9/16 premenstrual exacerbation; non-facial, borderline"
"PMID:32661954","EXCLUDE","NO_PHASE_COMPARISON","Bariatric surgery and menstrual abnormalities"
"PMID:32418411","EXCLUDE","NOT_PRIMARY","Review of PCOS treatment"
"PMID:32204714","EXCLUDE","NOT_PRIMARY","PCOS guideline"
"PMID:32174224","EXCLUDE","OFF_TOPIC","Ovarian thecoma case report"
"PMID:31950432","EXCLUDE","HORMONAL_ONLY","OC safety study"
"PMID:31917455","EXCLUDE","NO_PHASE_COMPARISON","PCOS signs and metabolic syndrome"
"PMID:31353538","EXCLUDE","NOT_HUMAN","Mouse lung study"
"PMID:31339394","EXCLUDE","NO_PHASE_COMPARISON","PCOS supplement study"
"PMID:31165465","EXCLUDE","NO_PHASE_COMPARISON","PCOS and adolescent uterine bleeding"
"PMID:31080813","EXCLUDE","NO_PHASE_COMPARISON","Isotretinoin in PCOS acne"
"PMID:31073704","EXCLUDE","NOT_PRIMARY","Systematic review of antiandrogens for HS"
"PMID:31005950","EXCLUDE","NO_PHASE_COMPARISON","Metformin in type 1 diabetes hyperandrogenism"
"PMID:30904911","INCLUDE","","Facial moisture, pores, discoloration, smoothness on cycle days 5 vs 25"
"PMID:30690191","EXCLUDE","NO_PHASE_COMPARISON","PCOS exercise/metformin trial"
"PMID:30187872","EXCLUDE","NOT_ENGLISH","Chinese"
"PMID:30177298","EXCLUDE","NO_PHASE_COMPARISON","Vitamin D vs premenstrual symptom severity; same cohort as 28950854"
"PMID:30129786","EXCLUDE","OFF_TOPIC","Adrenal disease case report"
"PMID:30078462","EXCLUDE","OFF_TOPIC","Male partners' acne across female partner's cycle"
"PMID:29231341","EXCLUDE","NOT_ENGLISH","Chinese"
"PMID:29172411","EXCLUDE","NOT_PRIMARY","Review of oral contraception"
"PMID:29148415","INCLUDE","","Survey of Behcet, FMF and healthy women; acneiform lesions worse with menstruation"
"PMID:28950854","INCLUDE","","Premenstrual symptom survey; premenstrual acne in 62%; borderline"
"PMID:28942695","EXCLUDE","OFF_TOPIC","Isotretinoin and ovarian stimulation case"
"PMID:28850273","EXCLUDE","NOT_PRIMARY","Review of PCOS therapy"
"PMID:28713996","EXCLUDE","OFF_TOPIC","Vaginal wall aquaporin and incontinence"
"PMID:28623918","EXCLUDE","NO_DATA","Trial protocol, herbal medicine for dysmenorrhea-associated acne; no results"
"PMID:28569570","INCLUDE","","Glycolic peel timed to cycle phase groups; phase-timed skincare"
"PMID:28251894","INCLUDE","","Luteal vs follicular acne lesion counts; half-face dermocosmetic during luteal phase"
"PMID:28225954","EXCLUDE","NO_PHASE_COMPARISON","Androgenetic alopecia survey"
"PMID:28128074","EXCLUDE","NOT_PRIMARY","Systematic review of hormones in HS; covers menstrual flares, mine"
"PMID:27840992","EXCLUDE","NO_PHASE_COMPARISON","Hormones in refractory acne"
"PMID:27829454","EXCLUDE","OFF_TOPIC","Risperidone prolactin symptoms"
"PMID:27808588","EXCLUDE","NO_PHASE_COMPARISON","PCOS metformin vs inositol"
"PMID:27435889","EXCLUDE","NO_PHASE_COMPARISON","Skin firmness and dielectric constant; no cycle phase in abstract"
"PMID:27429113","EXCLUDE","NO_PHASE_COMPARISON","PCOS vitamin D/metformin trial"
"PMID:27320497","EXCLUDE","NO_PHASE_COMPARISON","AMH in persistent acne"
"PMID:27307386","EXCLUDE","NOT_PRIMARY","Review of hormonal contraceptives"
"PMID:27294593","EXCLUDE","NOT_PRIMARY","Review of hidradenitis endocrinology"
"PMID:27244814","EXCLUDE","NOT_PRIMARY","Meta-analysis of PCOS treatments"
"PMID:27173495","EXCLUDE","NO_PHASE_COMPARISON","AMH in daughters of PCOS women"
"PMID:27141564","EXCLUDE","NOT_PRIMARY","Review of spironolactone for acne"
"PMID:26765270","EXCLUDE","NO_PHASE_COMPARISON","PCOS case report"
"PMID:26703220","EXCLUDE","NO_PHASE_COMPARISON","PCOS EE-CPA vs metformin"
"PMID:26617357","EXCLUDE","NOT_PRIMARY","Review of hidradenitis endocrinology"
"PMID:26598450","EXCLUDE","NOT_PRIMARY","Review of adolescent PCOS diagnosis"
"PMID:26507097","EXCLUDE","HORMONAL_ONLY","PCOS Diane-35 with/without metformin"
"PMID:26491824","EXCLUDE","NO_PHASE_COMPARISON","PCOS supplement trial"
"PMID:26248242","EXCLUDE","NO_PHASE_COMPARISON","PCOS OC vs metformin"
"PMID:26134671","INCLUDE","","Daily facial photos; skin redness varies across cycle"
"PMID:26032952","EXCLUDE","HORMONAL_ONLY","Contraceptive gel dose-finding"
"PMID:25814168","EXCLUDE","NOT_PRIMARY","Systematic review of metformin in PCOS"
"PMID:25725683","EXCLUDE","NO_PHASE_COMPARISON","Obesity and menstrual irregularity"
"PMID:25683236","EXCLUDE","NOT_PRIMARY","Review of menstrual cycle and skin; mine references"
"PMID:25670222","EXCLUDE","NO_PHASE_COMPARISON","PCOS inositol trial"
"PMID:25629036","EXCLUDE","NO_PHASE_COMPARISON","PCOS urban vs rural adolescents"
"PMID:25496917","EXCLUDE","HORMONAL_ONLY","DHEA added to OC"
"PMID:25296739","EXCLUDE","NO_PHASE_COMPARISON","Adult female acne presentation; no cycle-phase data in abstract"
"PMID:25133506","EXCLUDE","NOT_PRIMARY","Systematic review of nicotine patch trials"
"PMID:25085801","EXCLUDE","NO_PHASE_COMPARISON","Adolescent menstrual irregularity and later PCOS"
"PMID:25056245","EXCLUDE","NOT_PRIMARY","Review of OC benefits"
"PMID:25052966","EXCLUDE","NO_PHASE_COMPARISON","Gonadotropins and BMI in PCOS"
"PMID:24952024","EXCLUDE","NOT_PRIMARY","Review of adult female acne and stress"
"PMID:24926520","EXCLUDE","NOT_PRIMARY","Review of fibroid bleeding treatment"
"PMID:24814528","EXCLUDE","NO_PHASE_COMPARISON","PCOS pioglitazone trial"
"PMID:24606085","EXCLUDE","NO_PHASE_COMPARISON","Androgens and anovulation; acne history only"
"PMID:24520755","EXCLUDE","NO_PHASE_COMPARISON","Prediabetes in PCOS"
"PMID:24447981","EXCLUDE","NO_PHASE_COMPARISON","Adolescent PCOS prevalence"
"PMID:24328568","EXCLUDE","NO_PHASE_COMPARISON","AMH and hyperandrogenism in PCOS"
"PMID:24222096","EXCLUDE","OFF_TOPIC","CAH steatohepatitis case report"
"PMID:24199187","EXCLUDE","NOT_PRIMARY","Review of catamenial dermatoses; mine references"
"PMID:23991603","INCLUDE","","Student survey; majority believed premenstrual period aggravated acne"
"PMID:23947827","EXCLUDE","NO_PHASE_COMPARISON","PCOS psychological distress"
"PMID:23697264","EXCLUDE","NO_PHASE_COMPARISON","PCOS gene polymorphisms"
"PMID:23633314","EXCLUDE","NOT_PRIMARY","Cochrane review of patch and ring"
"PMID:23582301","EXCLUDE","NO_PHASE_COMPARISON","Hairline, sebum, hydration; no phase comparison"
"PMID:23551372","EXCLUDE","NOT_PRIMARY","Review of female pruritus"
"PMID:23390843","EXCLUDE","NO_PHASE_COMPARISON","PCOS features in Croatia"
"PMID:23108387","EXCLUDE","NO_PHASE_COMPARISON","PCOS phenotype case-control"
"PMID:23066115","EXCLUDE","NO_PHASE_COMPARISON","Gastric bypass and reproductive function"
"PMID:22950535","EXCLUDE","NOT_PRIMARY","Drug profile of nomegestrol/estradiol OC"
"PMID:22744623","EXCLUDE","NO_PHASE_COMPARISON","Salivary androgens in PCOS"
"PMID:22648217","EXCLUDE","NOT_PRIMARY","Review of adult female acne"
"PMID:22565434","INCLUDE","","Adult acne clinic series; premenstrual flare in 11.7% of women"
"PMID:22499220","EXCLUDE","NOT_PRIMARY","Review of non-classic adrenal hyperplasia"
"PMID:22386050","EXCLUDE","NO_PHASE_COMPARISON","Acne case-control; menstrual history variables, not cycle phase"
"PMID:22314456","EXCLUDE","NO_PHASE_COMPARISON","PCOS metformin outcomes"
"PMID:22173824","EXCLUDE","NO_PHASE_COMPARISON","Birth weight and adolescent acne"
"PMID:22171769","EXCLUDE","NOT_PRIMARY","Review of folate-fortified OC"
"PMID:22153789","EXCLUDE","NOT_PRIMARY","PCOS consensus statement"
"PMID:22147920","EXCLUDE","NOT_PRIMARY","PCOS consensus statement"
"PMID:22060223","EXCLUDE","NOT_PRIMARY","Overview of noncontraceptive uses of hormonal contraception"
"PMID:21995590","EXCLUDE","HORMONAL_ONLY","OC comparison trial"
"PMID:21961824","EXCLUDE","NOT_PRIMARY","Review of hormonal contraception benefits"
"PMID:21920195","EXCLUDE","HORMONAL_ONLY","OC pooled analysis"
"PMID:21877996","EXCLUDE","NOT_PRIMARY","Review of OC with levomefolate"
"PMID:21722894","EXCLUDE","NO_PHASE_COMPARISON","PCOS rosiglitazone trial"
"PMID:21454179","EXCLUDE","NOT_ENGLISH","Hungarian"
"PMID:21308158","EXCLUDE","OFF_TOPIC","Vaginal flora by race"
"PMID:21155614","EXCLUDE","HORMONAL_ONLY","OC observational study"
"PMID:21115506","EXCLUDE","NO_PHASE_COMPARISON","Anovulation and acne; no phase comparison"
"PMID:20946686","EXCLUDE","NO_PHASE_COMPARISON","Antibiotic self-medication for menstrual symptoms; acne listed only"
"PMID:20943753","EXCLUDE","NO_PHASE_COMPARISON","PCOS electro-acupuncture trial"
"PMID:20880492","EXCLUDE","NO_PHASE_COMPARISON","Lipids and hormones in acne, luteal phase only"
"PMID:20874438","INCLUDE","","Asthmatic women; premenstrual vs preovulatory symptoms including acne; borderline"
"PMID:20807258","EXCLUDE","NOT_PRIMARY","Expert opinion proposing ovulation-timed comedone extraction; relevant to Q2 background"
"PMID:20629827","INCLUDE","","Adolescent survey; 39% of girls with acne report flares near menstruation"
"PMID:20595950","EXCLUDE","NOT_ENGLISH","Italian review"
"PMID:20472117","EXCLUDE","HORMONAL_ONLY","OC trial"
"PMID:20394455","EXCLUDE","NOT_PRIMARY","Review of EE/dienogest"
"PMID:20384388","EXCLUDE","HORMONAL_ONLY","OC comparison trial"
"PMID:21702291","EXCLUDE","OFF_TOPIC","Pre-exam stress in students"
"PMID:19922634","EXCLUDE","HORMONAL_ONLY","OC safety surveillance protocol"
"PMID:19903032","EXCLUDE","NO_PHASE_COMPARISON","Corticoid vs COC in non-classic adrenal hyperplasia"
"PMID:19757697","INCLUDE","","Acne clinic series; premenstrual flare in 70% of women"
"PMID:19610519","EXCLUDE","NO_PHASE_COMPARISON","Gonadotropins in oligo/amenorrhoea"
"PMID:19513939","EXCLUDE","HORMONAL_ONLY","OC prescribing survey"
"PMID:19439880","INCLUDE","","Hospital acne profile; premenstrual flare in 57.7% of women"
"PMID:19352226","UNSURE","","Menstrual distress survey lists acne as common symptom; unclear if phase-specific"
"PMID:19340667","EXCLUDE","NO_PHASE_COMPARISON","Case report of progesterone dermatitis after hysterectomy"
"PMID:19282841","INCLUDE","","Adolescent acne survey; premenstrual phase a risk factor for acne severity"
"PMID:19147411","EXCLUDE","NOT_PRIMARY","Review of contraception and gynaecology"
"PMID:19099613","EXCLUDE","NOT_PRIMARY","Review of cycle-related skin changes; mine references"
"PMID:19004402","EXCLUDE","NO_PHASE_COMPARISON","Feminine wet wipes vulvar skin trial"
"PMID:18980763","EXCLUDE","NO_PHASE_COMPARISON","PCOS obese vs nonobese"
"PMID:18980044","EXCLUDE","NOT_PRIMARY","Review of drospirenone OC"
"PMID:18710356","EXCLUDE","NOT_PRIMARY","Review of OC benefits"
"PMID:18657769","EXCLUDE","OFF_TOPIC","Homeopathic hospital outcomes"
"PMID:18639784","EXCLUDE","NO_PHASE_COMPARISON","Hyperandrogenic anovulation predictors in adolescents"
"PMID:18635183","EXCLUDE","HORMONAL_ONLY","PCOS treated with MPA or OC"
"PMID:18389090","EXCLUDE","NOT_PRIMARY","Review of drospirenone OC"
"PMID:18342858","EXCLUDE","NO_PHASE_COMPARISON","PCOS ovarian drilling trial (retracted)"
"PMID:18329241","EXCLUDE","NOT_ENGLISH","French; adult female acne, premenstrual influence noted"
"PMID:17982334","EXCLUDE","NOT_PRIMARY","Review of contraceptive patch"
"PMID:17963857","EXCLUDE","HORMONAL_ONLY","Oral contraceptives in adolescents"
"PMID:17931445","INCLUDE","","Cerumen lipids by follicular/luteal/menstrual stage; ear canal, very indirect, borderline"
"PMID:17923832","EXCLUDE","NOT_ENGLISH","Italian review"
"PMID:17763263","EXCLUDE","HORMONAL_ONLY","Etonogestrel implant"
"PMID:17688623","EXCLUDE","HORMONAL_ONLY","Oral contraceptive quality of life"
"PMID:17683173","EXCLUDE","NOT_PRIMARY","Review of drospirenone OC"
"PMID:17656175","EXCLUDE","HORMONAL_ONLY","Oral contraceptive switch study"
"PMID:17592439","EXCLUDE","NOT_PRIMARY","Review of PCOS management"
"PMID:17472544","EXCLUDE","NOT_PRIMARY","Review of drospirenone"
"PMID:17462645","EXCLUDE","NO_PHASE_COMPARISON","Testosterone-related conditions in autism"
"PMID:17454455","EXCLUDE","NOT_PRIMARY","Review of PCOS therapy"
"PMID:17333831","INCLUDE","","Acne patient survey; women perceived premenstrual aggravation"
"PMID:17062047","EXCLUDE","NO_PHASE_COMPARISON","Adolescent acne prevalence"
"PMID:17034515","INCLUDE","","Facial pore size larger in ovulation phase; also sebum"
"PMID:17033192","UNSURE","","No abstract; comedone study indexed to menstrual cycle; unclear if phases compared"
"PMID:16850674","EXCLUDE","HORMONAL_ONLY","Levonorgestrel implant"
"PMID:16850673","EXCLUDE","HORMONAL_ONLY","Oral contraceptive for acne"
"PMID:16831357","EXCLUDE","NOT_ENGLISH","Chinese"
"PMID:16785260","EXCLUDE","NO_PHASE_COMPARISON","PCOS metformin in teens"
"PMID:16643133","INCLUDE","","Population survey; facial breakouts related to menstrual cycle reported by 49%"
"PMID:16633984","EXCLUDE","NOT_PRIMARY","Review of testosterone therapy"
"PMID:16600228","EXCLUDE","NO_PHASE_COMPARISON","Ovaries in cystic fibrosis"
"PMID:16448626","EXCLUDE","NO_PHASE_COMPARISON","Valproate and hyperandrogenism"
"PMID:16410982","EXCLUDE","NOT_ENGLISH","Portuguese"
"PMID:16322391","EXCLUDE","NO_PHASE_COMPARISON","PCOS quality of life"
"PMID:16310054","EXCLUDE","NO_PHASE_COMPARISON","Male acne androgens"
"PMID:16258697","INCLUDE","","Weekly barrier, dryness, lipids, microflora, UVB erythema across cycle"
"PMID:16208476","EXCLUDE","NOT_PRIMARY","Review of vulvar/vaginal changes; mentions cycle-related changes"
"PMID:16136889","EXCLUDE","NOT_ENGLISH","Chinese"
"PMID:15897103","EXCLUDE","HORMONAL_ONLY","Contraceptive patch in adolescents"
"PMID:15871554","EXCLUDE","NOT_PRIMARY","Review of EE/drospirenone"
"PMID:15854630","EXCLUDE","HORMONAL_ONLY","Etonogestrel implant"
"PMID:15838095","EXCLUDE","NOT_PRIMARY","Review of congenital adrenal hyperplasia"
"PMID:15783241","EXCLUDE","NOT_PRIMARY","Systematic review of Vitex adverse events"
"PMID:15548396","EXCLUDE","NO_PHASE_COMPARISON","PCOS metformin study"
"PMID:15523185","EXCLUDE","NO_PHASE_COMPARISON","PCOS prevalence in Iranian girls"
"PMID:15518435","EXCLUDE","NOT_ENGLISH","Polish review"
"PMID:15451331","EXCLUDE","HORMONAL_ONLY","Extended oral contraceptive regimens"
"PMID:15222920","EXCLUDE","HORMONAL_ONLY","Yasmin in PCOS"
"PMID:15202836","EXCLUDE","NO_PHASE_COMPARISON","Endocrine parameters and acne severity"
"PMID:15157791","EXCLUDE","HORMONAL_ONLY","Oral contraceptive trial"
"PMID:15134826","EXCLUDE","NOT_PRIMARY","Review of drospirenone"
"PMID:15098889","EXCLUDE","NO_PHASE_COMPARISON","PMS skin disease and hormone hypersensitivity testing; no phase comparison"
"PMID:15096370","INCLUDE","","Acne lesion counts over follicular and luteal phases of 2 cycles"
"PMID:14746946","EXCLUDE","NOT_PRIMARY","Review of antiandrogenic progestins"
"PMID:14680788","EXCLUDE","NOT_ENGLISH","French review"
"PMID:14593553","EXCLUDE","NOT_PRIMARY","Review of adolescent PCOS"
"PMID:14570747","EXCLUDE","NOT_PRIMARY","Review of insulin-lowering agents in PCOS"
"PMID:12861090","EXCLUDE","NOT_PRIMARY","Review of PCOS"
"PMID:12843184","EXCLUDE","NO_PHASE_COMPARISON","Androgen receptor gene and hyperandrogenism"
"PMID:12786872","INCLUDE","","Nickel patch test reactivity days 7-10 vs 20-24; crossover"
"PMID:12724019","EXCLUDE","NO_PHASE_COMPARISON","PCOS metformin study"
"PMID:12659405","EXCLUDE","NOT_PRIMARY","Review of drospirenone OC"
"PMID:12659404","EXCLUDE","HORMONAL_ONLY","Oral contraceptive for PMDD"
"PMID:12497673","EXCLUDE","NOT_PRIMARY","Review of drospirenone OC"
"PMID:12408423","EXCLUDE","NOT_PRIMARY","Overview of epilepsy in women"
"PMID:12374586","EXCLUDE","NO_PHASE_COMPARISON","Hyperandrogenism in neuronal ceroid lipofuscinosis"
"PMID:12151433","EXCLUDE","NO_PHASE_COMPARISON","PCOS ovarian drilling follow-up"
"PMID:12112958","EXCLUDE","NOT_PRIMARY","Review of adolescent contraception"
"PMID:12072067","EXCLUDE","HORMONAL_ONLY","Minoxidil plus OC vs CPA/EE for alopecia"
"PMID:12066088","EXCLUDE","HORMONAL_ONLY","Extended oral contraceptive regimens"
"PMID:11937954","EXCLUDE","NOT_ENGLISH","French"
"PMID:11875860","EXCLUDE","NOT_ENGLISH","French review"
"PMID:11843213","INCLUDE","","French adult acne survey; premenstrual flare reported by 78% of acne subjects"
"PMID:11720881","EXCLUDE","NO_PHASE_COMPARISON","PCOS diagnostic hormone markers"
"PMID:11712049","INCLUDE","","Survey of 400 women; acne worse before, during or after period"
"PMID:11705091","EXCLUDE","NOT_PRIMARY","Review of estrogen and skin"
"PMID:11686547","EXCLUDE","NOT_PRIMARY","Review of thyroid and skin"
"PMID:11559453","EXCLUDE","HORMONAL_ONLY","Oral contraceptive for PMDD"
"PMID:11524631","EXCLUDE","NO_PHASE_COMPARISON","Hyperandrogenism signs in multiple sclerosis"
"PMID:11518448","EXCLUDE","HORMONAL_ONLY","Oral contraceptive observational study"
"PMID:11437938","EXCLUDE","NOT_PRIMARY","Review of scarring alopecia"
"PMID:11319503","EXCLUDE","NOT_ENGLISH","Italian; acne and polycystic ovary"
"PMID:11296811","EXCLUDE","NO_PHASE_COMPARISON","Thyroid axis in adrenal hyperplasia"
"PMID:11214820","EXCLUDE","NO_PHASE_COMPARISON","Androgens in female alopecia"
"PMID:11157995","EXCLUDE","OFF_TOPIC","Adrenalectomy case report"
"PMID:11012575","EXCLUDE","NO_PHASE_COMPARISON","PCO in Cushing's syndrome"
"PMID:10953475","EXCLUDE","NOT_ENGLISH","Czech; oral contraceptive and acne"
"PMID:10951152","EXCLUDE","NO_PHASE_COMPARISON","Androgens and acne severity"
"PMID:10856473","EXCLUDE","NO_PHASE_COMPARISON","PCOS metformin trial"
"PMID:10849121","EXCLUDE","NOT_PRIMARY","Review of premenstrual acne flare; mine references"
"PMID:10836660","EXCLUDE","HORMONAL_ONLY","Oral contraceptive trial"
"PMID:10568063","EXCLUDE","NOT_ENGLISH","Czech; reports cycle-related acne in 30%"
"PMID:10389477","EXCLUDE","NOT_ENGLISH","French; perimenstrual dermatoses"
"PMID:10342094","EXCLUDE","NOT_PRIMARY","Review of oral contraceptive benefits"
"PMID:9859526","EXCLUDE","NOT_ENGLISH","Bulgarian"
"PMID:9853201","EXCLUDE","HORMONAL_ONLY","Oral contraceptive trial"
"PMID:9828903","EXCLUDE","OFF_TOPIC","Testosterone implant safety"
"PMID:9808377","EXCLUDE","HORMONAL_ONLY","Oral contraceptive use in adolescents"
"PMID:9770851","EXCLUDE","NOT_ENGLISH","Polish"
"PMID:9757871","EXCLUDE","OFF_TOPIC","Uterine fibroid risk"
"PMID:9756306","EXCLUDE","NO_PHASE_COMPARISON","Menstrual pattern correlates in adolescents"
"PMID:9700865","EXCLUDE","NOT_ENGLISH","German"
"PMID:9678075","EXCLUDE","NOT_PRIMARY","Review of hormonal contraception"
"PMID:9427077","EXCLUDE","NO_PHASE_COMPARISON","Testosterone and oligomenorrhea in acne"
"PMID:9300120","UNSURE","","Menarche survey lists acne among menstrual-period complaints; unclear if phase-specific data"
"PMID:9293656","EXCLUDE","NOT_PRIMARY","Acne epidemiology review; notes premenstrual increase, mine references"
"PMID:9179451","EXCLUDE","HORMONAL_ONLY","Norplant in HIV"
"PMID:9076430","EXCLUDE","NO_PHASE_COMPARISON","Cyclic dermatoses selected by premenstrual flare; estrogen sensitivity, no phase comparison"
"PMID:9174754","EXCLUDE","NOT_PRIMARY","Review of oral contraceptives"
"PMID:8972251","EXCLUDE","OFF_TOPIC","Breast cancer case-control"
"PMID:9678128","EXCLUDE","HORMONAL_ONLY","Oral contraceptive trial"
"PMID:9045216","EXCLUDE","NOT_ENGLISH","Italian"
"PMID:8920351","EXCLUDE","NOT_PRIMARY","Review of Depo-Provera"
"PMID:8896947","EXCLUDE","NOT_PRIMARY","Skin colour measurement guideline; notes menstrual cycle as variable"
"PMID:8884544","EXCLUDE","OFF_TOPIC","Ovarian tumour case report"
"PMID:8763424","INCLUDE","","Hidradenitis suppurativa; premenstrual flare reported by 32 women; non-facial, borderline"
"PMID:8689882","EXCLUDE","HORMONAL_ONLY","Oral contraceptive androgens"
"PMID:8674802","INCLUDE","","Skin surface lipids premenstrual vs menstrual phase in women with acne"
"PMID:8631187","EXCLUDE","HORMONAL_ONLY","Norplant"
"PMID:8715078","EXCLUDE","NOT_ENGLISH","Spanish"
"PMID:7593420","EXCLUDE","OFF_TOPIC","5-alpha-reductase deficiency case reports"
"PMID:8682343","EXCLUDE","NOT_ENGLISH","Polish"
"PMID:7581961","EXCLUDE","NO_PHASE_COMPARISON","PCO-like syndrome after precocious puberty"
"PMID:7577850","EXCLUDE","OFF_TOPIC","Endometriosis drug trial"
"PMID:8521763","EXCLUDE","NOT_PRIMARY","Review of gestodene"
"PMID:8520092","EXCLUDE","NOT_PRIMARY","Review of progestins"
"PMID:7662688","EXCLUDE","HORMONAL_ONLY","Depo-Provera in adolescents"
"PMID:7662687","EXCLUDE","HORMONAL_ONLY","Norplant in adolescents"
"PMID:7796588","EXCLUDE","HORMONAL_ONLY","Levonorgestrel IUD"
"PMID:7845497","EXCLUDE","NOT_ENGLISH","Dutch"
"PMID:8574256","EXCLUDE","HORMONAL_ONLY","Oral contraceptive androgenicity"
"PMID:7988017","EXCLUDE","NO_PHASE_COMPARISON","Steroid assay methods"
"PMID:8719015","EXCLUDE","NOT_ENGLISH","German"
"PMID:7708536","EXCLUDE","NOT_ENGLISH","Italian"
"PMID:7844209","EXCLUDE","NOT_PRIMARY","Review of Norplant"
"PMID:7483621","EXCLUDE","NOT_ENGLISH","Polish"
"PMID:7811185","EXCLUDE","NOT_PRIMARY","Review of oral contraceptives"
"PMID:7927560","EXCLUDE","NO_PHASE_COMPARISON","Hormones and polycystic ovaries in acne"
"PMID:7808889","EXCLUDE","OFF_TOPIC","Face colour preference, not skin outcome"
"PMID:8042462","EXCLUDE","NO_PHASE_COMPARISON","Sanitary pad vs no-pad genital skin; not phase comparison"
"PMID:8178905","EXCLUDE","NOT_PRIMARY","Review of desogestrel"
"PMID:8005508","EXCLUDE","NOT_ENGLISH","Spanish; symptoms including acne by cycle phase, relevant"
"PMID:8144280","EXCLUDE","OFF_TOPIC","Breast cancer risk factors"
"PMID:8222658","EXCLUDE","HORMONAL_ONLY","Oral contraceptive trial"
"PMID:8370128","EXCLUDE","NO_PHASE_COMPARISON","Flutamide for hirsutism"
"PMID:8506067","EXCLUDE","NOT_ENGLISH","Italian"
"PMID:8483013","EXCLUDE","NOT_PRIMARY","Review of implants"
"PMID:8447356","EXCLUDE","NOT_PRIMARY","Review of oral contraceptive"
"PMID:8449019","EXCLUDE","HORMONAL_ONLY","Norplant"
"PMID:8260969","EXCLUDE","NOT_PRIMARY","Review of oral contraceptive"
"PMID:1437913","EXCLUDE","NOT_PRIMARY","Review of oral contraceptives"
"PMID:1493683","INCLUDE","","TEWL and blood flow on three cycle days; back and forearm"
"PMID:1564678","EXCLUDE","HORMONAL_ONLY","Oral contraceptive for PMS"
"PMID:1636360","EXCLUDE","NOT_PRIMARY","Thesis review summarising Agner cycle SLS data (see PMID 2033132)"
"PMID:1438600","EXCLUDE","NOT_ENGLISH","Japanese"
"PMID:1834727","EXCLUDE","HORMONAL_ONLY","Postmenopausal HRT"
"PMID:1658321","EXCLUDE","NO_PHASE_COMPARISON","Menstrual pad vulvar irritancy; no phase comparison"
"PMID:1904568","EXCLUDE","HORMONAL_ONLY","Estradiol after oophorectomy"
"PMID:1831118","EXCLUDE","NO_PHASE_COMPARISON","Narrative description; premenstrual flares mentioned without data"
"PMID:1679000","INCLUDE","","Acne with dermographism; premenstrual flare recorded in women; borderline, descriptive"
"PMID:2033132","INCLUDE","","SLS irritant patch test day 1 vs days 9-11; TEWL, visual score"
"PMID:1826278","EXCLUDE","HORMONAL_ONLY","CPA plus transdermal estradiol"
"PMID:1863941","EXCLUDE","HORMONAL_ONLY","Oral contraceptive"
"PMID:1916521","EXCLUDE","NOT_ENGLISH","German"
"PMID:1884855","INCLUDE","","Sebutape sebum excretion over 3 cycles; premenstrual peak in seborrheic women"
"PMID:1837655","EXCLUDE","HORMONAL_ONLY","CPA/EE therapy for premenstrual acne"
"PMID:1746207","UNSURE","","No abstract; sebum fatty acid composition across cycle"
"PMID:2151406","EXCLUDE","NOT_ENGLISH","German"
"PMID:2151388","EXCLUDE","NO_PHASE_COMPARISON","Hormones in acne; luteal sampling only"
"PMID:2150581","EXCLUDE","HORMONAL_ONLY","Oral contraceptive"
"PMID:2096480","EXCLUDE","NOT_ENGLISH","German"
"PMID:2289388","EXCLUDE","HORMONAL_ONLY","Oral contraceptive cycle control"
"PMID:2150795","EXCLUDE","HORMONAL_ONLY","CPA/EE for acne"
"PMID:2142494","EXCLUDE","HORMONAL_ONLY","Oral contraceptive for acne"
"PMID:2147009","EXCLUDE","NO_PHASE_COMPARISON","Polycystic ovaries in acne"
"PMID:2139596","EXCLUDE","NO_PHASE_COMPARISON","Adrenal hyperplasia screening"
"PMID:2516704","EXCLUDE","HORMONAL_ONLY","PCOS treated with Diane-35"
"PMID:2660092","EXCLUDE","NOT_PRIMARY","Review of hormonal contraception"
"PMID:2531968","EXCLUDE","HORMONAL_ONLY","Oral contraceptive"
"PMID:2523321","EXCLUDE","OFF_TOPIC","Endometriosis drug trial"
"PMID:2527144","EXCLUDE","NO_PHASE_COMPARISON","Serum hormones in acne"
"PMID:3219545","INCLUDE","","Hidradenitis suppurativa; premenstrual flare in 57% of women; non-facial, borderline"
"PMID:3075505","EXCLUDE","HORMONAL_ONLY","Oral contraceptive"
"PMID:2976224","EXCLUDE","HORMONAL_ONLY","Oral contraceptive in adolescents"
"PMID:2976617","EXCLUDE","NO_PHASE_COMPARISON","Hormone profile across cycle; no skin outcome by phase"
"PMID:3657814","EXCLUDE","NOT_ENGLISH","German"
"PMID:3656299","EXCLUDE","HORMONAL_ONLY","Oral contraceptive study"
"PMID:2959494","EXCLUDE","NO_PHASE_COMPARISON","Androgen receptor biopsies on day 21 only"
"PMID:2956138","EXCLUDE","HORMONAL_ONLY","Oral contraceptive in adolescents"
"PMID:3594595","EXCLUDE","NOT_ENGLISH","Czech"
"PMID:3822267","EXCLUDE","HORMONAL_ONLY","Triphasic oral contraceptives"
"PMID:2960493","EXCLUDE","HORMONAL_ONLY","Oral contraceptive study"
"PMID:2959330","EXCLUDE","NOT_ENGLISH","French; cimetidine and sebum"
"PMID:3096784","EXCLUDE","NO_PHASE_COMPARISON","Hormones in oligomenorrheic girls"
"PMID:2948866","EXCLUDE","NOT_ENGLISH","German"
"PMID:3093307","EXCLUDE","NOT_ENGLISH","German"
"PMID:3007557","EXCLUDE","NO_PHASE_COMPARISON","Adrenal ACTH response in acne/hirsutism"
"PMID:2942800","EXCLUDE","NOT_ENGLISH","Italian; androgens by cycle stage"
"PMID:2941191","EXCLUDE","NOT_PRIMARY","Review of cyproterone acetate"
"PMID:2936421","INCLUDE","","Hidradenitis suppurativa; reports premenstrual flare proportion; non-facial, borderline"
"PMID:2941960","EXCLUDE","HORMONAL_ONLY","PCOS treated with EE/CPA"
"PMID:2941932","EXCLUDE","NOT_ENGLISH","Russian"
"PMID:3853920","EXCLUDE","NOT_ENGLISH","French"
"PMID:2931274","EXCLUDE","NO_PHASE_COMPARISON","Skin receptors in hirsutism, single cycle window"
"PMID:4044506","EXCLUDE","OFF_TOPIC","Epilepsy treatment"
"PMID:3855123","EXCLUDE","HORMONAL_ONLY","Oral contraceptives"
"PMID:3157562","INCLUDE","","Female acne androgen study; reports proportion with premenstrual/menstrual acne exacerbation; borderline"
"PMID:3156458","EXCLUDE","NOT_ENGLISH","Russian"
"PMID:2939676","EXCLUDE","NO_PHASE_COMPARISON","Acne treatment study; mentions premenstrual exacerbation without phase comparison"
"PMID:6570117","EXCLUDE","NOT_ENGLISH","German"
"PMID:6237195","EXCLUDE","HORMONAL_ONLY","Oral contraceptives"
"PMID:6236316","EXCLUDE","NOT_ENGLISH","Japanese; cycle and hormones in acne"
"PMID:6350956","EXCLUDE","OFF_TOPIC","Danazol/GnRH in endometriosis"
"PMID:6227148","EXCLUDE","NOT_ENGLISH","German; estriol ointment for premenstrual acne"
"PMID:6350580","EXCLUDE","OFF_TOPIC","PMS prostaglandin inhibitor narrative"
"PMID:6223780","EXCLUDE","NOT_ENGLISH","Italian; cycle-related acne therapy"
"PMID:6349925","EXCLUDE","HORMONAL_ONLY","Oral contraceptive comparison"
"PMID:6403705","EXCLUDE","HORMONAL_ONLY","Oral contraceptive"
"PMID:6140231","EXCLUDE","HORMONAL_ONLY","Triphasic oral contraception"
"PMID:6809420","EXCLUDE","HORMONAL_ONLY","Levonorgestrel IUD"
"PMID:6451638","EXCLUDE","NO_PHASE_COMPARISON","Ovarian function and testosterone in acne; no skin phase comparison"
"PMID:6249834","EXCLUDE","OFF_TOPIC","Adrenal enzyme defect case reports"
"PMID:6448429","EXCLUDE","OFF_TOPIC","Naproxen for dysmenorrhea"
"PMID:6299908","EXCLUDE","NOT_ENGLISH","German"
"PMID:7001504","EXCLUDE","NOT_PRIMARY","Review of estrogen uses"
"PMID:527342","EXCLUDE","HORMONAL_ONLY","Contraceptive vaginal ring"
"PMID:503375","EXCLUDE","HORMONAL_ONLY","Oral contraceptive side effects"
"PMID:160860","EXCLUDE","HORMONAL_ONLY","Oral contraceptive side effects"
"PMID:488426","EXCLUDE","NO_PHASE_COMPARISON","Testosterone vs phase length; skin not compared by phase"
"PMID:385243","EXCLUDE","HORMONAL_ONLY","Levonorgestrel implants"
"PMID:395521","EXCLUDE","OFF_TOPIC","Danazol for breast disease"
"PMID:720065","EXCLUDE","HORMONAL_ONLY","Contraceptive vaginal ring"
"PMID:148876","EXCLUDE","HORMONAL_ONLY","Cyproterone/ethinyl estradiol therapy"
"PMID:839194","EXCLUDE","HORMONAL_ONLY","Oral contraception"
"PMID:966242","EXCLUDE","HORMONAL_ONLY","Oral contraceptives"
"PMID:1100993","EXCLUDE","NOT_ENGLISH","German"
"PMID:126335","EXCLUDE","HORMONAL_ONLY","Cyproterone acetate therapy"
"PMID:1149175","EXCLUDE","NOT_ENGLISH","French"
"PMID:124763","UNSURE","","No abstract; acne influencing factors survey may include menstrual aggravation"
"PMID:125605","EXCLUDE","NO_PHASE_COMPARISON","Sebum and beta-MSH, no cycle phases"
"PMID:4278647","EXCLUDE","NO_PHASE_COMPARISON","Letter on pyridoxine treatment"
"PMID:4277158","EXCLUDE","NOT_ENGLISH","German"
"PMID:4274137","EXCLUDE","OFF_TOPIC","Serum progesterone assay"
"PMID:4274248","EXCLUDE","HORMONAL_ONLY","Premature ovarian failure on medroxyprogesterone; no natural cycle"
"PMID:4208342","EXCLUDE","HORMONAL_ONLY","Oral contraceptive comparison"
"PMID:4361984","EXCLUDE","NOT_PRIMARY","Review of sebum measurement"
"PMID:4274918","EXCLUDE","NOT_ENGLISH","German"
"PMID:4127313","UNSURE","","No abstract; possibly letter or small study on premenstrual acne mechanism"
"PMID:4268726","EXCLUDE","NOT_ENGLISH","Czech"
"PMID:4695502","EXCLUDE","HORMONAL_ONLY","Progestin regimen"
"PMID:4120962","UNSURE","","No abstract; sebum excretion variation across cycle"
"PMID:5077864","UNSURE","","No abstract; sebum excretion study, may include cycle-phase data"
"PMID:4263090","EXCLUDE","NOT_ENGLISH","French"
"PMID:4260588","EXCLUDE","NO_PHASE_COMPARISON","No abstract; general acne treatment"
"PMID:4257912","EXCLUDE","NO_PHASE_COMPARISON","No abstract; diuretic trial for premenstrual acne, not skincare timing"
"PMID:4254837","EXCLUDE","NOT_ENGLISH","German; sebum test during cycle, relevant topic"
"PMID:5122021","EXCLUDE","NOT_ENGLISH","French"
"PMID:4255649","EXCLUDE","NO_PHASE_COMPARISON","PCOS drug trial; no phase comparison"
"PMID:4251532","EXCLUDE","NOT_ENGLISH","German"
"PMID:4269416","EXCLUDE","NOT_ENGLISH","French"
"PMID:4185512","EXCLUDE","NOT_ENGLISH","German"
"PMID:5746250","EXCLUDE","NOT_ENGLISH","French"
"PMID:4224294","EXCLUDE","NOT_ENGLISH","German"
"PMID:4228422","EXCLUDE","NOT_ENGLISH","German; intramenstrual acne improvement, relevant topic"
"PMID:4223498","EXCLUDE","NOT_ENGLISH","German; acne across the cycle, relevant topic"
"PMID:4220521","EXCLUDE","NOT_ENGLISH","German case report"
"PMID:14257990","EXCLUDE","NOT_ENGLISH","German"
"PMID:14286079","UNSURE","","No abstract; adult female acne series may report premenstrual flare frequency"
"PMID:14317718","UNSURE","","No abstract; sebum excretion across menstrual cycle"
"PMID:14167339","EXCLUDE","HORMONAL_ONLY","Hormonal drug therapy"
"PMID:14158432","EXCLUDE","NOT_ENGLISH","Swedish; oral contraceptive review"
"PMID:14184309","EXCLUDE","NOT_ENGLISH","German; preovulatory and premenstrual acne"
"PMID:14108372","EXCLUDE","NOT_ENGLISH","German case report"
"PMID:14082371","EXCLUDE","NOT_ENGLISH","Polish; sebum across cycle, relevant topic"
"PMID:14155878","EXCLUDE","NOT_ENGLISH","Spanish; menarche, off-topic"
"PMID:13725673","EXCLUDE","NO_PHASE_COMPARISON","No abstract; treatment approach for premenstrual acne"
"PMID:13582195","EXCLUDE","NO_PHASE_COMPARISON","No abstract; drug treatment report for acne"
"PMID:13137606","UNSURE","","No abstract; premenstrual acne entity, may describe cycle-timed flares"
"NCT03122457","EXCLUDE","NO_PHASE_COMPARISON","Single-arm acne gel trial; baseline timed premenstrually but treatment not phase-timed"
"NCT06018168","EXCLUDE","NO_PHASE_COMPARISON","Supplement plus skincare vs skincare alone; routine not timed to cycle phase"
"PMID:39776723","EXCLUDE","NOT_PRIMARY","Scoping review (Nguyen 2024); mine reference list"
"PMID:39931829","EXCLUDE","NO_PHASE_COMPARISON","Irregular vs regular cycles, not phases; abstract is Consensus summary only"
"PMID:32549185","INCLUDE","","Population survey; perimenstrual acne flare timing before/during/after menses"
"PMID:2572112","INCLUDE","","Forearm skin extensibility day 10 vs day 25; non-facial site"
"PMID:24301233","INCLUDE","","Tagged Editorial but reports 7 volunteers; laser pigmentation by cycle day"
"PMID:26273846","UNSURE","","No abstract; title suggests breast skin elasticity by cycle phase"
"PMID:17204039","INCLUDE","","Forearm tissue water plus blood flow, days 4/12/22; non-facial site"
"PMID:25161758","INCLUDE","","Survey of adult acne patients; timing of perimenstrual flare (week before, during, after menses)"
"DOI:10.4274/turkderm.galenos.2020.35683","UNSURE","","No abstract anywhere; title reports moisture, sebum, pH vs cycle; full text needed"
